file_path,file_name,folder_type,true_type,file_size
test_folder/original\PNG\dog.157.jpg,dog.157.jpg,png,jpeg,1024
test_folder/original\PDF\LJCXACJE45ZQBQIGE26MCKVEGUUL2FZM.pdf,LJCXACJE45ZQBQIGE26MCKVEGUUL2FZM.pdf,pdf,pdf,1024
test_folder/original\TXT\medical_448.txt,medical_448.txt,txt,txt,431
test_folder/original\PDF\MZYAJ3IACMF3DOK2ST3DBXSJEYD2Q7B2.pdf,MZYAJ3IACMF3DOK2ST3DBXSJEYD2Q7B2.pdf,pdf,pdf,1024
test_folder/original\PDF\FGW25YJCHKX5V4CGB447WS3CQP2ZVRDY.pdf,FGW25YJCHKX5V4CGB447WS3CQP2ZVRDY.pdf,pdf,pdf,1024
test_folder/original\PNG\cat.85.jpg,cat.85.jpg,png,jpeg,1024
test_folder/original\PDF\HQ3EDBUQ55MJVAAWB3KE7VYWLHAOXKRI.pdf,HQ3EDBUQ55MJVAAWB3KE7VYWLHAOXKRI.pdf,pdf,pdf,1024
test_folder/original\TXT\historical_37.txt,historical_37.txt,txt,txt,1024
test_folder/original\TXT\sport_35.txt,sport_35.txt,txt,txt,1024
test_folder/original\TXT\technologie_63.txt,technologie_63.txt,txt,txt,1024
test_folder/original\PDF\LW7OQ44Z4N33ZKSCS6IEEK54LMXJIOFH.pdf,LW7OQ44Z4N33ZKSCS6IEEK54LMXJIOFH.pdf,pdf,pdf,1024
test_folder/original\TXT\food_76.txt,food_76.txt,txt,txt,1024
test_folder/original\PNG\bike_219.bmp,bike_219.bmp,png,txt,1024
test_folder/original\PNG\cat.10.jpg,cat.10.jpg,png,jpeg,1024
test_folder/original\PDF\O4Z3IEED7ROYYCKDRARK2BBHSZGR4M5Y.pdf,O4Z3IEED7ROYYCKDRARK2BBHSZGR4M5Y.pdf,pdf,pdf,1024
test_folder/original\PNG\dog.198.jpg,dog.198.jpg,png,jpeg,1024
test_folder/original\TXT\food_96.txt,food_96.txt,txt,txt,1024
test_folder/original\PNG\horse-25.jpg,horse-25.jpg,png,jpeg,1024
test_folder/original\TXT\sport_90.txt,sport_90.txt,txt,txt,1024
test_folder/original\TXT\business_62.txt,business_62.txt,txt,txt,1024
test_folder/original\PDF\44PBM3B5SUUOF74NERNZAUH2PBBU5SPB.pdf,44PBM3B5SUUOF74NERNZAUH2PBBU5SPB.pdf,pdf,pdf,1024
test_folder/original\PNG\rider-153.jpg,rider-153.jpg,png,jpeg,1024
test_folder/original\PNG\0100.png,0100.png,png,png,1024
test_folder/original\TXT\historical_12.txt,historical_12.txt,txt,txt,890
test_folder/original\PNG\0093.png,0093.png,png,png,1024
test_folder/original\PDF\MPUN74DDVBAVSA7JIRU4DMDJLPPONVRQ.pdf,MPUN74DDVBAVSA7JIRU4DMDJLPPONVRQ.pdf,pdf,pdf,1024
test_folder/original\PNG\bike_161.bmp,bike_161.bmp,png,txt,1024
test_folder/original\PDF\47HBHTDSTAKCJIYQ22345FHWVNVJMXJL.pdf,47HBHTDSTAKCJIYQ22345FHWVNVJMXJL.pdf,pdf,pdf,1024
test_folder/original\PDF\KHFVIIN7BUD6WPBAO3FNRJXTCS5FVIOK.pdf,KHFVIIN7BUD6WPBAO3FNRJXTCS5FVIOK.pdf,pdf,pdf,1024
test_folder/original\PDF\NLQ2FSPOQDRVBINYEXFQNKEGS65YPQ7P.pdf,NLQ2FSPOQDRVBINYEXFQNKEGS65YPQ7P.pdf,pdf,pdf,1024
test_folder/original\TXT\historical_83.txt,historical_83.txt,txt,txt,1024
test_folder/original\TXT\graphics_100.txt,graphics_100.txt,txt,txt,543
test_folder/original\PDF\SWXZRJNZF6T5KP5U5WKDXL45TU34G632.pdf,SWXZRJNZF6T5KP5U5WKDXL45TU34G632.pdf,pdf,pdf,1024
test_folder/original\TXT\historical_8.txt,historical_8.txt,txt,txt,935
test_folder/original\TXT\food_88.txt,food_88.txt,txt,txt,1024
test_folder/original\PDF\S2M644RTRLI4BC6XSMMWE2MRFB76F4KC.pdf,S2M644RTRLI4BC6XSMMWE2MRFB76F4KC.pdf,pdf,pdf,1024
test_folder/original\PNG\0131.png,0131.png,png,png,1024
test_folder/original\PDF\IMJ4MPPYAOJ3IK6EEI3IDHS4IKZ5WFXT.pdf,IMJ4MPPYAOJ3IK6EEI3IDHS4IKZ5WFXT.pdf,pdf,pdf,1024
test_folder/original\PDF\M6EE3W5HUIM2YKPPBQ4CS552OOM5UC7I.pdf,M6EE3W5HUIM2YKPPBQ4CS552OOM5UC7I.pdf,pdf,pdf,1024
test_folder/original\PDF\JXM2RAH5DJSVW2XCEGXVMU2PFPC4J3P4.pdf,JXM2RAH5DJSVW2XCEGXVMU2PFPC4J3P4.pdf,pdf,pdf,1024
test_folder/original\PNG\bike_217.bmp,bike_217.bmp,png,txt,1024
test_folder/original\PDF\CZXLJIPYAEZEX6CTNJ7JZTSBXA44TTVT.pdf,CZXLJIPYAEZEX6CTNJ7JZTSBXA44TTVT.pdf,pdf,pdf,1024
test_folder/original\TXT\business_34.txt,business_34.txt,txt,txt,1024
test_folder/original\PNG\rider-197.jpg,rider-197.jpg,png,jpeg,1024
test_folder/original\TXT\technologie_24.txt,technologie_24.txt,txt,txt,1024
test_folder/original\TXT\historical_78.txt,historical_78.txt,txt,txt,1024
test_folder/original\PDF\c4a09b0dbc3981442fd94717d9aa6b2a90a3a3e0.pdf,c4a09b0dbc3981442fd94717d9aa6b2a90a3a3e0.pdf,pdf,pdf,1024
test_folder/original\PDF\7QX6IKZ22UTQYM2ZQVUU64G4ZKYSDE2R.pdf,7QX6IKZ22UTQYM2ZQVUU64G4ZKYSDE2R.pdf,pdf,pdf,1024
test_folder/original\PDF\POEHMIOJYP5KQX64LWVXOXS7I5QYW3UB.pdf,POEHMIOJYP5KQX64LWVXOXS7I5QYW3UB.pdf,pdf,pdf,1024
test_folder/original\PNG\rider-195.jpg,rider-195.jpg,png,jpeg,1024
test_folder/original\TXT\medical_644.txt,medical_644.txt,txt,txt,1024
test_folder/original\TXT\space_99.txt,space_99.txt,txt,txt,1024
test_folder/original\PNG\rider-148.jpg,rider-148.jpg,png,jpeg,1024
test_folder/original\PNG\rider-125.jpg,rider-125.jpg,png,jpeg,1024
test_folder/original\TXT\food_56.txt,food_56.txt,txt,txt,1024
test_folder/original\TXT\technologie_29.txt,technologie_29.txt,txt,txt,1024
test_folder/original\PNG\rider-129.jpg,rider-129.jpg,png,jpeg,1024
test_folder/original\PDF\QLBRTJBPTEPSW266VK6E34FMP47KXTDL.pdf,QLBRTJBPTEPSW266VK6E34FMP47KXTDL.pdf,pdf,pdf,1024
test_folder/original\PNG\horse-69.jpg,horse-69.jpg,png,jpeg,1024
test_folder/original\PDF\SCXLRF5DK4NDSP4RXGJFZJMY5D6BK7MY.pdf,SCXLRF5DK4NDSP4RXGJFZJMY5D6BK7MY.pdf,pdf,pdf,1024
test_folder/original\PNG\dog.192.jpg,dog.192.jpg,png,jpeg,1024
test_folder/original\PNG\horse-36.jpg,horse-36.jpg,png,jpeg,1024
test_folder/original\PNG\horse-9.jpg,horse-9.jpg,png,jpeg,1024
test_folder/original\TXT\technologie_100.txt,technologie_100.txt,txt,txt,1024
test_folder/original\TXT\graphics_74.txt,graphics_74.txt,txt,txt,1024
test_folder/original\PNG\cat.34.jpg,cat.34.jpg,png,jpeg,1024
test_folder/original\PDF\dd96e25d23e1d5ccbe54d07c77fc52ae10d1dae9.pdf,dd96e25d23e1d5ccbe54d07c77fc52ae10d1dae9.pdf,pdf,pdf,1024
test_folder/original\PDF\GFZKIRYHHR2NZTPACKJY5MTG5X3CYGEX.pdf,GFZKIRYHHR2NZTPACKJY5MTG5X3CYGEX.pdf,pdf,pdf,1024
test_folder/original\TXT\business_14.txt,business_14.txt,txt,txt,1024
test_folder/original\PNG\bike_164.bmp,bike_164.bmp,png,txt,1024
test_folder/original\PDF\OE6BMOWZLGKSJUHP5BN2KHW6DEYTYGUZ.pdf,OE6BMOWZLGKSJUHP5BN2KHW6DEYTYGUZ.pdf,pdf,pdf,1024
test_folder/original\PNG\dog.168.jpg,dog.168.jpg,png,jpeg,1024
test_folder/original\PNG\rider-61.jpg,rider-61.jpg,png,jpeg,1024
test_folder/original\PDF\TLFJXZ5TEG6X5AAUHTMVM4JEZVYFEVTS.pdf,TLFJXZ5TEG6X5AAUHTMVM4JEZVYFEVTS.pdf,pdf,pdf,1024
test_folder/original\PDF\3PILGMQ4BBDRSLAPZCPVAHBNX53K2NUJ.pdf,3PILGMQ4BBDRSLAPZCPVAHBNX53K2NUJ.pdf,pdf,pdf,1024
test_folder/original\TXT\medical_278.txt,medical_278.txt,txt,txt,886
test_folder/original\TXT\medical_41.txt,medical_41.txt,txt,txt,799
test_folder/original\PNG\horse-198.jpg,horse-198.jpg,png,jpeg,1024
test_folder/original\TXT\sport_87.txt,sport_87.txt,txt,txt,1024
test_folder/original\PNG\carsgraz_096.bmp,carsgraz_096.bmp,png,txt,1024
test_folder/original\PDF\YSFDRVDRV6XMSNVXRD4KM266EUJZWMYZ.pdf,YSFDRVDRV6XMSNVXRD4KM266EUJZWMYZ.pdf,pdf,pdf,1024
test_folder/original\PNG\dog.12.jpg,dog.12.jpg,png,jpeg,1024
test_folder/original\PNG\bike_310.bmp,bike_310.bmp,png,txt,1024
test_folder/original\PDF\ORLP2EPAWI7SXKJRKMSGUIKONQPFFWIO.pdf,ORLP2EPAWI7SXKJRKMSGUIKONQPFFWIO.pdf,pdf,pdf,1024
test_folder/original\PNG\dog.39.jpg,dog.39.jpg,png,jpeg,1024
test_folder/original\PNG\carsgraz_405.bmp,carsgraz_405.bmp,png,txt,1024
test_folder/original\PDF\XMW6SGXOJREQ4QRTL4QUIV76ZB4733MN.pdf,XMW6SGXOJREQ4QRTL4QUIV76ZB4733MN.pdf,pdf,pdf,1024
test_folder/original\PNG\bike_274.bmp,bike_274.bmp,png,txt,1024
test_folder/original\PNG\horse-3.jpg,horse-3.jpg,png,jpeg,1024
test_folder/original\PNG\horse-152.jpg,horse-152.jpg,png,jpeg,1024
test_folder/original\PDF\FTLF4636APPKQDG5YKVPXDML54WUBBZA.pdf,FTLF4636APPKQDG5YKVPXDML54WUBBZA.pdf,pdf,pdf,1024
test_folder/original\PDF\W5VHS6JXL2IZQKOADSVN6J2JWZPNWVC6.pdf,W5VHS6JXL2IZQKOADSVN6J2JWZPNWVC6.pdf,pdf,pdf,1024
test_folder/original\PNG\0185.png,0185.png,png,png,1024
test_folder/original\PDF\HXOV2RQJRHU5PDC4PRLJJLU2RT4PSSLV.pdf,HXOV2RQJRHU5PDC4PRLJJLU2RT4PSSLV.pdf,pdf,pdf,1024
test_folder/original\TXT\food_3.txt,food_3.txt,txt,txt,1024
test_folder/original\PDF\QSPE3BHAI3DOO552RNZ5WXPJVIWAZ4LT.pdf,QSPE3BHAI3DOO552RNZ5WXPJVIWAZ4LT.pdf,pdf,pdf,1024
test_folder/original\PNG\dog.98.jpg,dog.98.jpg,png,jpeg,1024
test_folder/original\TXT\entertainment_26.txt,entertainment_26.txt,txt,txt,1024
test_folder/original\PNG\carsgraz_416.bmp,carsgraz_416.bmp,png,txt,1024
test_folder/original\PNG\horse-126.jpg,horse-126.jpg,png,jpeg,1024
test_folder/original\PNG\carsgraz_299.bmp,carsgraz_299.bmp,png,txt,1024
test_folder/original\PDF\FNLYS665QK2JZN5NXLAK22QOTNQTN2U3.pdf,FNLYS665QK2JZN5NXLAK22QOTNQTN2U3.pdf,pdf,pdf,1024
test_folder/original\PDF\6RWOLVNDX4CTI4PAGDGMWC3FFBTVW3TK.pdf,6RWOLVNDX4CTI4PAGDGMWC3FFBTVW3TK.pdf,pdf,pdf,1024
test_folder/original\TXT\sport_69.txt,sport_69.txt,txt,txt,1024
test_folder/original\PDF\WTLBOK7EAQPHVUW75UU2AI47NS3XJ7QH.pdf,WTLBOK7EAQPHVUW75UU2AI47NS3XJ7QH.pdf,pdf,pdf,1024
test_folder/original\PNG\cat.164.jpg,cat.164.jpg,png,jpeg,1024
test_folder/original\PNG\carsgraz_381.bmp,carsgraz_381.bmp,png,txt,1024
test_folder/original\TXT\food_44.txt,food_44.txt,txt,txt,888
test_folder/original\TXT\historical_47.txt,historical_47.txt,txt,txt,1024
test_folder/original\PDF\CM73W2TP2FDG5FFHRB6CQS526UNDQF7P.pdf,CM73W2TP2FDG5FFHRB6CQS526UNDQF7P.pdf,pdf,pdf,1024
test_folder/original\PNG\bike_218.bmp,bike_218.bmp,png,txt,1024
test_folder/original\TXT\space_35.txt,space_35.txt,txt,txt,768
test_folder/original\TXT\politics_193.txt,politics_193.txt,txt,txt,1024
test_folder/original\PNG\carsgraz_247.bmp,carsgraz_247.bmp,png,txt,1024
test_folder/original\PDF\LPA7M5D76YBCPXXCRVU7ZYECI6ODH24E.pdf,LPA7M5D76YBCPXXCRVU7ZYECI6ODH24E.pdf,pdf,pdf,1024
test_folder/original\TXT\technologie_53.txt,technologie_53.txt,txt,txt,1024
test_folder/original\TXT\medical_329.txt,medical_329.txt,txt,txt,1024
test_folder/original\PNG\dog.20.jpg,dog.20.jpg,png,jpeg,1024
test_folder/original\PDF\YWJI57UE6VBGPHTJYLGMHWGRIBWIF2BG.pdf,YWJI57UE6VBGPHTJYLGMHWGRIBWIF2BG.pdf,pdf,pdf,1024
test_folder/original\PDF\E45NEAYVIVYEEBRMTFW3XMU5ZQQQTCWV.pdf,E45NEAYVIVYEEBRMTFW3XMU5ZQQQTCWV.pdf,pdf,pdf,1024
test_folder/original\PNG\carsgraz_280.bmp,carsgraz_280.bmp,png,txt,1024
test_folder/original\TXT\technologie_96.txt,technologie_96.txt,txt,txt,1024
test_folder/original\PDF\KMUKXIW52KNJ3JJJ2LO5QOW2G6FTJ45W.pdf,KMUKXIW52KNJ3JJJ2LO5QOW2G6FTJ45W.pdf,pdf,pdf,1024
test_folder/original\TXT\entertainment_33.txt,entertainment_33.txt,txt,txt,1024
test_folder/original\PDF\EVWZKEBEBK3TDSK3VC4AHQKSNXD6FBWI.pdf,EVWZKEBEBK3TDSK3VC4AHQKSNXD6FBWI.pdf,pdf,pdf,1024
test_folder/original\TXT\entertainment_45.txt,entertainment_45.txt,txt,txt,1024
test_folder/original\PNG\carsgraz_329.bmp,carsgraz_329.bmp,png,txt,1024
test_folder/original\PNG\dog.70.jpg,dog.70.jpg,png,jpeg,1024
test_folder/original\PDF\VMKHKD4R7NRNP3AVC4XGN5FRXVTANHNZ.pdf,VMKHKD4R7NRNP3AVC4XGN5FRXVTANHNZ.pdf,pdf,pdf,1024
test_folder/original\TXT\graphics_25.txt,graphics_25.txt,txt,txt,170
test_folder/original\PDF\6GHFGNIZJZWEVRNG4J5ILE62VJ3PUURO.pdf,6GHFGNIZJZWEVRNG4J5ILE62VJ3PUURO.pdf,pdf,pdf,1024
test_folder/original\TXT\business_43.txt,business_43.txt,txt,txt,1024
test_folder/original\TXT\graphics_39.txt,graphics_39.txt,txt,txt,1024
test_folder/original\PNG\cat.116.jpg,cat.116.jpg,png,jpeg,1024
test_folder/original\TXT\space_73.txt,space_73.txt,txt,txt,1024
test_folder/original\PNG\0198.png,0198.png,png,png,1024
test_folder/original\PDF\J5ZSV4CEZDUKODXRBOAVGJVB5XTR5QMA.pdf,J5ZSV4CEZDUKODXRBOAVGJVB5XTR5QMA.pdf,pdf,pdf,1024
test_folder/original\PDF\XVMOJ76242273OL2PZZBK5FDBSS4YEE4.pdf,XVMOJ76242273OL2PZZBK5FDBSS4YEE4.pdf,pdf,pdf,1024
test_folder/original\PNG\carsgraz_097.bmp,carsgraz_097.bmp,png,txt,1024
test_folder/original\PDF\NXQWVJBI6J23JG35UF2PBILHUJXOKLKW.pdf,NXQWVJBI6J23JG35UF2PBILHUJXOKLKW.pdf,pdf,pdf,1024
test_folder/original\PNG\0089.png,0089.png,png,png,1024
test_folder/original\TXT\sport_47.txt,sport_47.txt,txt,txt,1024
test_folder/original\PNG\carsgraz_238.bmp,carsgraz_238.bmp,png,txt,1024
test_folder/original\PNG\horse-125.jpg,horse-125.jpg,png,jpeg,1024
test_folder/original\PDF\7A3MBRLFC6OU5KGMFIDEQPUOQTROBYUS.pdf,7A3MBRLFC6OU5KGMFIDEQPUOQTROBYUS.pdf,pdf,pdf,1024
test_folder/original\PNG\0104.png,0104.png,png,png,1024
test_folder/original\PNG\0157.png,0157.png,png,png,1024
test_folder/original\PDF\VUMOVKDPOEUGGP54MMN5XZJ2S5QHSWPF.pdf,VUMOVKDPOEUGGP54MMN5XZJ2S5QHSWPF.pdf,pdf,pdf,1024
test_folder/original\TXT\food_78.txt,food_78.txt,txt,txt,919
test_folder/original\TXT\medical_1.txt,medical_1.txt,txt,txt,1024
test_folder/original\TXT\graphics_15.txt,graphics_15.txt,txt,txt,1024
test_folder/original\TXT\space_40.txt,space_40.txt,txt,txt,1024
test_folder/original\PNG\carsgraz_198.bmp,carsgraz_198.bmp,png,txt,1024
test_folder/original\PNG\rider-128.jpg,rider-128.jpg,png,jpeg,1024
test_folder/original\TXT\entertainment_90.txt,entertainment_90.txt,txt,txt,1024
test_folder/original\PDF\JYMSHAQOPOCHYVWZYLPSNQYDNAGMT5DR.pdf,JYMSHAQOPOCHYVWZYLPSNQYDNAGMT5DR.pdf,pdf,pdf,1024
test_folder/original\TXT\business_79.txt,business_79.txt,txt,txt,1024
test_folder/original\PNG\carsgraz_360.bmp,carsgraz_360.bmp,png,txt,1024
test_folder/original\PNG\cat.179.jpg,cat.179.jpg,png,jpeg,1024
test_folder/original\TXT\graphics_41.txt,graphics_41.txt,txt,txt,1024
test_folder/original\PNG\rider-84.jpg,rider-84.jpg,png,jpeg,1024
test_folder/original\PDF\666HXEHN6OLTL3QKGACG3DJ7UL4L5NWL.pdf,666HXEHN6OLTL3QKGACG3DJ7UL4L5NWL.pdf,pdf,pdf,1024
test_folder/original\PDF\KDLB3IO7SCHXPEJZJYXLBWTX2MTEUOS6.pdf,KDLB3IO7SCHXPEJZJYXLBWTX2MTEUOS6.pdf,pdf,pdf,1024
test_folder/original\PDF\BW4FTNODL22WYRMWJCRIK6EEB2HVDQ4K.pdf,BW4FTNODL22WYRMWJCRIK6EEB2HVDQ4K.pdf,pdf,pdf,1024
test_folder/original\TXT\technologie_17.txt,technologie_17.txt,txt,txt,1024
test_folder/original\TXT\graphics_62.txt,graphics_62.txt,txt,txt,1024
test_folder/original\PDF\QOGDHC6YZPFATRADZTZJ4U27VIHSXA3Z.pdf,QOGDHC6YZPFATRADZTZJ4U27VIHSXA3Z.pdf,pdf,pdf,1024
test_folder/original\PDF\5SMHFLT35YOIS6UTY6OKBZYRZSTDMG2Q.pdf,5SMHFLT35YOIS6UTY6OKBZYRZSTDMG2Q.pdf,pdf,pdf,1024
test_folder/original\PNG\dog.195.jpg,dog.195.jpg,png,jpeg,1024
test_folder/original\PDF\RZBL4G73Y76GIJWY3BENQNYBTVX5WAR6.pdf,RZBL4G73Y76GIJWY3BENQNYBTVX5WAR6.pdf,pdf,pdf,1024
test_folder/original\PNG\bike_180.bmp,bike_180.bmp,png,txt,1024
test_folder/original\PNG\0052.png,0052.png,png,png,1024
test_folder/original\PDF\R7RUWIVERCT2LRQCIKTTVL3SXF4P4HEP.pdf,R7RUWIVERCT2LRQCIKTTVL3SXF4P4HEP.pdf,pdf,pdf,1024
test_folder/original\TXT\space_7.txt,space_7.txt,txt,txt,1024
test_folder/original\PNG\carsgraz_380.bmp,carsgraz_380.bmp,png,txt,1024
test_folder/original\PNG\rider-5.jpg,rider-5.jpg,png,jpeg,1024
test_folder/original\PNG\cat.101.jpg,cat.101.jpg,png,jpeg,1024
test_folder/original\PDF\QMNB4F4EQHGQDRKO7QIJWTN6TUMGKQXB.pdf,QMNB4F4EQHGQDRKO7QIJWTN6TUMGKQXB.pdf,pdf,pdf,1024
test_folder/original\PNG\bike_084.bmp,bike_084.bmp,png,txt,1024
test_folder/original\TXT\entertainment_83.txt,entertainment_83.txt,txt,txt,1024
test_folder/original\TXT\space_34.txt,space_34.txt,txt,txt,269
test_folder/original\TXT\politics_211.txt,politics_211.txt,txt,txt,1024
test_folder/original\PNG\carsgraz_206.bmp,carsgraz_206.bmp,png,txt,1024
test_folder/original\PNG\dog.137.jpg,dog.137.jpg,png,jpeg,1024
test_folder/original\PNG\carsgraz_394.bmp,carsgraz_394.bmp,png,txt,1024
test_folder/original\TXT\historical_70.txt,historical_70.txt,txt,txt,1024
test_folder/original\PNG\horse-18.jpg,horse-18.jpg,png,jpeg,1024
test_folder/original\PDF\MATLAIUSZNV6ECCAMZDMMLBOVYOJ7LEX.pdf,MATLAIUSZNV6ECCAMZDMMLBOVYOJ7LEX.pdf,pdf,pdf,1024
test_folder/original\PNG\horse-155.jpg,horse-155.jpg,png,jpeg,1024
test_folder/original\TXT\historical_95.txt,historical_95.txt,txt,txt,1024
test_folder/original\PNG\dog.107.jpg,dog.107.jpg,png,jpeg,1024
test_folder/original\TXT\historical_25.txt,historical_25.txt,txt,txt,864
test_folder/original\PDF\3WVRGDKMXZRPVBBNRYOLXY3J3VIZROXI.pdf,3WVRGDKMXZRPVBBNRYOLXY3J3VIZROXI.pdf,pdf,pdf,1024
test_folder/original\PDF\FGZMCFJCVNCWGNVLKUGB27JTHYPUFTIA.pdf,FGZMCFJCVNCWGNVLKUGB27JTHYPUFTIA.pdf,pdf,pdf,1024
test_folder/original\PNG\horse-43.jpg,horse-43.jpg,png,jpeg,1024
test_folder/original\PDF\GWYYEO7BT54SUYBU7M4232GNAWWV6IOX.pdf,GWYYEO7BT54SUYBU7M4232GNAWWV6IOX.pdf,pdf,pdf,1024
test_folder/original\PDF\TW5273JZ43VOQUCL7FRZ2N6STHYBBCQ4.pdf,TW5273JZ43VOQUCL7FRZ2N6STHYBBCQ4.pdf,pdf,pdf,1024
test_folder/original\PDF\ZEUIAARRTYABYRX2TMCK5AHQO6AIOQXM.pdf,ZEUIAARRTYABYRX2TMCK5AHQO6AIOQXM.pdf,pdf,pdf,1024
test_folder/original\PDF\SEVNFYZBX7VQEWEG5SQQTFZK24PCUDFU.pdf,SEVNFYZBX7VQEWEG5SQQTFZK24PCUDFU.pdf,pdf,pdf,1024
test_folder/original\PNG\0207.png,0207.png,png,png,1024
test_folder/original\PDF\BOV6TNUHLZUKL6WNKWPBOXHXPL22HUNC.pdf,BOV6TNUHLZUKL6WNKWPBOXHXPL22HUNC.pdf,pdf,pdf,1024
test_folder/original\PNG\bike_228.bmp,bike_228.bmp,png,txt,1024
test_folder/original\PDF\7GYQLFBVGRTYWE73NKCNCODTJVURFULB.pdf,7GYQLFBVGRTYWE73NKCNCODTJVURFULB.pdf,pdf,pdf,1024
test_folder/original\PDF\TD2LH5WWPKTV5W3X3BV3EUBJJ24GCTZ2.pdf,TD2LH5WWPKTV5W3X3BV3EUBJJ24GCTZ2.pdf,pdf,pdf,1024
test_folder/original\PDF\FKXAOBO27MSNKEA6PNS6P54HNFPMSNLL.pdf,FKXAOBO27MSNKEA6PNS6P54HNFPMSNLL.pdf,pdf,pdf,1024
test_folder/original\PDF\6A2V6MYYSW4C6QUKXJX7BEGNPYKZGV6O.pdf,6A2V6MYYSW4C6QUKXJX7BEGNPYKZGV6O.pdf,pdf,pdf,1024
test_folder/original\PDF\EZ5GI4R7U4POAIDO2DOL6J3LIQLGQQRX.pdf,EZ5GI4R7U4POAIDO2DOL6J3LIQLGQQRX.pdf,pdf,pdf,1024
test_folder/original\PNG\rider-196.jpg,rider-196.jpg,png,jpeg,1024
test_folder/original\PNG\bike_347.bmp,bike_347.bmp,png,txt,1024
test_folder/original\TXT\sport_100.txt,sport_100.txt,txt,txt,1024
test_folder/original\TXT\politics_134.txt,politics_134.txt,txt,txt,1024
test_folder/original\PDF\ZKGOIITRHIYI24D2FHP5NHRNQAWT6IQM.pdf,ZKGOIITRHIYI24D2FHP5NHRNQAWT6IQM.pdf,pdf,pdf,1024
test_folder/original\PDF\QZTQ7BCZVBR4UKL4M73HH7TX4ZVROQCS.pdf,QZTQ7BCZVBR4UKL4M73HH7TX4ZVROQCS.pdf,pdf,pdf,1024
test_folder/original\TXT\technologie_54.txt,technologie_54.txt,txt,txt,1024
test_folder/original\TXT\graphics_73.txt,graphics_73.txt,txt,txt,974
test_folder/original\PNG\carsgraz_019.bmp,carsgraz_019.bmp,png,txt,1024
test_folder/original\PNG\horse-53.jpg,horse-53.jpg,png,jpeg,1024
test_folder/original\PDF\PVG2YQXZ3BYEDVLQ3JGB5JXXYWWQ327E.pdf,PVG2YQXZ3BYEDVLQ3JGB5JXXYWWQ327E.pdf,pdf,pdf,1024
test_folder/original\PNG\rider-131.jpg,rider-131.jpg,png,jpeg,1024
test_folder/original\PDF\LL47ZCJJXPYOVJLTNX35LAUK2DUMWBJR.pdf,LL47ZCJJXPYOVJLTNX35LAUK2DUMWBJR.pdf,pdf,pdf,1024
test_folder/original\TXT\medical_40.txt,medical_40.txt,txt,txt,893
test_folder/original\PDF\2LVOKCURIEQKLK43I6T7QLYYQX3RQUXX.pdf,2LVOKCURIEQKLK43I6T7QLYYQX3RQUXX.pdf,pdf,pdf,1024
test_folder/original\PDF\CAFPBUU24YDNMKG5ULIDXRBNI6NUPVF2.pdf,CAFPBUU24YDNMKG5ULIDXRBNI6NUPVF2.pdf,pdf,pdf,1024
test_folder/original\TXT\medical_319.txt,medical_319.txt,txt,txt,1024
test_folder/original\PNG\bike_225.bmp,bike_225.bmp,png,txt,1024
test_folder/original\PDF\IYUNRQPMTREBOTPIQVJVWLOXDYVFY7PH.pdf,IYUNRQPMTREBOTPIQVJVWLOXDYVFY7PH.pdf,pdf,pdf,1024
test_folder/original\PNG\0041.png,0041.png,png,png,1024
test_folder/original\PNG\dog.154.jpg,dog.154.jpg,png,jpeg,1024
test_folder/original\PNG\bike_311.bmp,bike_311.bmp,png,txt,1024
test_folder/original\PNG\carsgraz_210.bmp,carsgraz_210.bmp,png,txt,1024
test_folder/original\PDF\MFNO2BYJHXTRPUIULKNEVUF2VD5XMVY3.pdf,MFNO2BYJHXTRPUIULKNEVUF2VD5XMVY3.pdf,pdf,pdf,1024
test_folder/original\PNG\0142.png,0142.png,png,png,1024
test_folder/original\TXT\historical_71.txt,historical_71.txt,txt,txt,1024
test_folder/original\PDF\DGZ2C5RQO4EDW2XQHLWDCCJZUB6IQLCE.pdf,DGZ2C5RQO4EDW2XQHLWDCCJZUB6IQLCE.pdf,pdf,pdf,1024
test_folder/original\PDF\QJRUY4FRCDHXZJT5ZAWKMADAMAQUP5R6.pdf,QJRUY4FRCDHXZJT5ZAWKMADAMAQUP5R6.pdf,pdf,pdf,1024
test_folder/original\PNG\cat.147.jpg,cat.147.jpg,png,jpeg,1024
test_folder/original\PDF\APIOSIGX4MKMHFQO5ZZK6YR5Z7IUFJOU.pdf,APIOSIGX4MKMHFQO5ZZK6YR5Z7IUFJOU.pdf,pdf,pdf,1024
test_folder/original\PNG\bike_237.bmp,bike_237.bmp,png,txt,1024
test_folder/original\PDF\DAMU2TVQKZEDZ6ZJN7NZBERHFU6I6ZZG.pdf,DAMU2TVQKZEDZ6ZJN7NZBERHFU6I6ZZG.pdf,pdf,pdf,1024
test_folder/original\PNG\bike_328.bmp,bike_328.bmp,png,txt,1024
test_folder/original\TXT\entertainment_93.txt,entertainment_93.txt,txt,txt,1024
test_folder/original\PDF\3I2DH7KNN6KICUFNT6P4MKHUAPPBJD2Y.pdf,3I2DH7KNN6KICUFNT6P4MKHUAPPBJD2Y.pdf,pdf,pdf,1024
test_folder/original\PDF\UZ24VCW32BGC524CZI3QWY7LKJJXZ2ZZ.pdf,UZ24VCW32BGC524CZI3QWY7LKJJXZ2ZZ.pdf,pdf,pdf,1024
test_folder/original\TXT\medical_158.txt,medical_158.txt,txt,txt,540
test_folder/original\TXT\business_66.txt,business_66.txt,txt,txt,1024
test_folder/original\PNG\horse-117.jpg,horse-117.jpg,png,jpeg,1024
test_folder/original\PNG\carsgraz_196.bmp,carsgraz_196.bmp,png,txt,1024
test_folder/original\PDF\Y2OOMETPKX3ZMEMJJYX5MHOHTIO3JVSP.pdf,Y2OOMETPKX3ZMEMJJYX5MHOHTIO3JVSP.pdf,pdf,pdf,1024
test_folder/original\PDF\HGJIJLL3ZVEO2ISTFZSKH53BIC2K3UYX.pdf,HGJIJLL3ZVEO2ISTFZSKH53BIC2K3UYX.pdf,pdf,pdf,1024
test_folder/original\PNG\rider-174.jpg,rider-174.jpg,png,jpeg,1024
test_folder/original\PNG\carsgraz_203.bmp,carsgraz_203.bmp,png,txt,1024
test_folder/original\PDF\DEAHZFTA4CQDFDYMRX2NPJCKEHYPIK2Z.pdf,DEAHZFTA4CQDFDYMRX2NPJCKEHYPIK2Z.pdf,pdf,pdf,1024
test_folder/original\PDF\JURJWHBJYQUR24R3TCPBVLLOFDBTQK5S.pdf,JURJWHBJYQUR24R3TCPBVLLOFDBTQK5S.pdf,pdf,pdf,1024
test_folder/original\TXT\medical_695.txt,medical_695.txt,txt,txt,498
test_folder/original\PDF\MMSNF4WV7XLHQFKEQYKHHH7GJPPQJQ7U.pdf,MMSNF4WV7XLHQFKEQYKHHH7GJPPQJQ7U.pdf,pdf,pdf,1024
test_folder/original\PDF\6Z3CUWVPRPVEBPROWQCD6EZJ22CLL5OY.pdf,6Z3CUWVPRPVEBPROWQCD6EZJ22CLL5OY.pdf,pdf,pdf,1024
test_folder/original\TXT\food_51.txt,food_51.txt,txt,txt,1024
test_folder/original\PNG\0152.png,0152.png,png,png,1024
test_folder/original\TXT\politics_209.txt,politics_209.txt,txt,txt,1024
test_folder/original\PDF\AI27TP7D5YR3E23YDKFKVE27DDUEN5TU.pdf,AI27TP7D5YR3E23YDKFKVE27DDUEN5TU.pdf,pdf,pdf,1024
test_folder/original\PNG\cat.183.jpg,cat.183.jpg,png,jpeg,1024
test_folder/original\TXT\food_42.txt,food_42.txt,txt,txt,977
test_folder/original\TXT\politics_172.txt,politics_172.txt,txt,txt,1024
test_folder/original\PNG\bike_159.bmp,bike_159.bmp,png,txt,1024
test_folder/original\PDF\SUR4MPI7WKZHIFC6ZGVOWBXD6JWE76BV.pdf,SUR4MPI7WKZHIFC6ZGVOWBXD6JWE76BV.pdf,pdf,pdf,1024
test_folder/original\PNG\bike_282.bmp,bike_282.bmp,png,txt,1024
test_folder/original\PNG\0008.png,0008.png,png,png,1024
test_folder/original\PDF\PFGSA5KKI3RCAENXBCM2LGTLHH5TLRGG.pdf,PFGSA5KKI3RCAENXBCM2LGTLHH5TLRGG.pdf,pdf,pdf,1024
test_folder/original\PDF\D5XGVE6OSPKS2ELNCRDRBFZ4XQNNAYA7.pdf,D5XGVE6OSPKS2ELNCRDRBFZ4XQNNAYA7.pdf,pdf,pdf,1024
test_folder/original\TXT\historical_1.txt,historical_1.txt,txt,txt,1024
test_folder/original\PNG\horse-90.jpg,horse-90.jpg,png,jpeg,1024
test_folder/original\TXT\entertainment_59.txt,entertainment_59.txt,txt,txt,1024
test_folder/original\TXT\technologie_20.txt,technologie_20.txt,txt,txt,1024
test_folder/original\PDF\PM77VVIRKCVEFG6KFQWCC5LHTB5BY5FD.pdf,PM77VVIRKCVEFG6KFQWCC5LHTB5BY5FD.pdf,pdf,pdf,1024
test_folder/original\PNG\dog.95.jpg,dog.95.jpg,png,jpeg,1024
test_folder/original\PDF\VKTESXP6UNEVB4JDX5F3YTI7IEY6BEQ7.pdf,VKTESXP6UNEVB4JDX5F3YTI7IEY6BEQ7.pdf,pdf,pdf,1024
test_folder/original\PNG\0165.png,0165.png,png,png,1024
test_folder/original\PNG\0141.png,0141.png,png,png,1024
test_folder/original\PNG\horse-174.jpg,horse-174.jpg,png,jpeg,1024
test_folder/original\TXT\entertainment_28.txt,entertainment_28.txt,txt,txt,1024
test_folder/original\PDF\XW2HPZBL2U4ZBDGNITQU4EKCOT7ZL362.pdf,XW2HPZBL2U4ZBDGNITQU4EKCOT7ZL362.pdf,pdf,pdf,1024
test_folder/original\TXT\business_54.txt,business_54.txt,txt,txt,1024
test_folder/original\TXT\politics_282.txt,politics_282.txt,txt,txt,1024
test_folder/original\PNG\rider-56.jpg,rider-56.jpg,png,jpeg,1024
test_folder/original\PNG\horse-2.jpg,horse-2.jpg,png,jpeg,1024
test_folder/original\PNG\cat.50.jpg,cat.50.jpg,png,jpeg,1024
test_folder/original\PDF\KAX2V43VIPOF5R7SL2YYD2JQFRQCPWQ5.pdf,KAX2V43VIPOF5R7SL2YYD2JQFRQCPWQ5.pdf,pdf,pdf,1024
test_folder/original\PNG\horse-120.jpg,horse-120.jpg,png,jpeg,1024
test_folder/original\TXT\sport_40.txt,sport_40.txt,txt,txt,1024
test_folder/original\PDF\SW62D5RJMAPDJWHDMA5DLJWWLMSYZE26.pdf,SW62D5RJMAPDJWHDMA5DLJWWLMSYZE26.pdf,pdf,txt,1024
test_folder/original\TXT\sport_65.txt,sport_65.txt,txt,txt,1024
test_folder/original\PDF\QNUOKFLA7NUJSOJ63IZBGJYX2EUW7JI3.pdf,QNUOKFLA7NUJSOJ63IZBGJYX2EUW7JI3.pdf,pdf,pdf,1024
test_folder/original\PDF\GTJF3FNLZ4ZXJPIJ4WDESMZ6DR3CTLSD.pdf,GTJF3FNLZ4ZXJPIJ4WDESMZ6DR3CTLSD.pdf,pdf,pdf,1024
test_folder/original\PNG\bike_189.bmp,bike_189.bmp,png,txt,1024
test_folder/original\TXT\politics_303.txt,politics_303.txt,txt,txt,1024
test_folder/original\PNG\bike_330.bmp,bike_330.bmp,png,txt,1024
test_folder/original\PNG\rider-23.jpg,rider-23.jpg,png,jpeg,1024
test_folder/original\TXT\medical_308.txt,medical_308.txt,txt,txt,1024
test_folder/original\PNG\horse-173.jpg,horse-173.jpg,png,jpeg,1024
test_folder/original\PNG\cat.199.jpg,cat.199.jpg,png,jpeg,1024
test_folder/original\PNG\dog.129.jpg,dog.129.jpg,png,jpeg,1024
test_folder/original\PNG\cat.180.jpg,cat.180.jpg,png,jpeg,1024
test_folder/original\PNG\cat.71.jpg,cat.71.jpg,png,jpeg,1024
test_folder/original\TXT\food_97.txt,food_97.txt,txt,txt,1024
test_folder/original\TXT\business_41.txt,business_41.txt,txt,txt,1024
test_folder/original\PNG\rider-46.jpg,rider-46.jpg,png,jpeg,1024
test_folder/original\PNG\carsgraz_270.bmp,carsgraz_270.bmp,png,txt,1024
test_folder/original\PNG\cat.156.jpg,cat.156.jpg,png,jpeg,1024
test_folder/original\TXT\space_29.txt,space_29.txt,txt,txt,1024
test_folder/original\TXT\medical_565.txt,medical_565.txt,txt,txt,941
test_folder/original\PDF\LDLCDEPVQ225ADIF33NSEBYX3Z3AE4TX.pdf,LDLCDEPVQ225ADIF33NSEBYX3Z3AE4TX.pdf,pdf,pdf,1024
test_folder/original\PNG\bike_150.bmp,bike_150.bmp,png,txt,1024
test_folder/original\PNG\horse-172.jpg,horse-172.jpg,png,jpeg,1024
test_folder/original\TXT\technologie_12.txt,technologie_12.txt,txt,txt,1024
test_folder/original\TXT\technologie_43.txt,technologie_43.txt,txt,txt,1024
test_folder/original\PNG\0082.png,0082.png,png,png,1024
test_folder/original\PDF\GGGXC6WZE4CKPCLWC5UX6F465XQEAGR6.pdf,GGGXC6WZE4CKPCLWC5UX6F465XQEAGR6.pdf,pdf,pdf,1024
test_folder/original\PDF\YVUWMOMVE6IHAXQQF2GCM3YB373ESZG2.pdf,YVUWMOMVE6IHAXQQF2GCM3YB373ESZG2.pdf,pdf,pdf,1024
test_folder/original\TXT\graphics_67.txt,graphics_67.txt,txt,txt,1024
test_folder/original\TXT\graphics_65.txt,graphics_65.txt,txt,txt,1024
test_folder/original\PNG\cat.8.jpg,cat.8.jpg,png,jpeg,1024
test_folder/original\PNG\rider-41.jpg,rider-41.jpg,png,jpeg,1024
test_folder/original\PNG\carsgraz_213.bmp,carsgraz_213.bmp,png,txt,1024
test_folder/original\PDF\EQDIZLFPMDEBKUMF53WGJTJNZCBWBPPH.pdf,EQDIZLFPMDEBKUMF53WGJTJNZCBWBPPH.pdf,pdf,pdf,1024
test_folder/original\PNG\bike_287.bmp,bike_287.bmp,png,txt,1024
test_folder/original\PDF\TBSL3JP4OKORY5OXRTTF7MJE64PSQOO6.pdf,TBSL3JP4OKORY5OXRTTF7MJE64PSQOO6.pdf,pdf,pdf,1024
test_folder/original\PNG\0143.png,0143.png,png,png,1024
test_folder/original\TXT\entertainment_3.txt,entertainment_3.txt,txt,txt,1024
test_folder/original\PDF\VSIY6OBUI6HB77D6N5CW3UACJPONUNBT.pdf,VSIY6OBUI6HB77D6N5CW3UACJPONUNBT.pdf,pdf,pdf,1024
test_folder/original\PNG\0068.png,0068.png,png,png,1024
test_folder/original\TXT\politics_232.txt,politics_232.txt,txt,txt,1024
test_folder/original\PNG\horse-138.jpg,horse-138.jpg,png,jpeg,1024
test_folder/original\TXT\food_62.txt,food_62.txt,txt,txt,1024
test_folder/original\PDF\CI7INUGNXV4CY2ETA4PM5IOKZNUM5A2T.pdf,CI7INUGNXV4CY2ETA4PM5IOKZNUM5A2T.pdf,pdf,pdf,1024
test_folder/original\TXT\graphics_58.txt,graphics_58.txt,txt,txt,966
test_folder/original\TXT\medical_248.txt,medical_248.txt,txt,txt,782
test_folder/original\PDF\GOCYUTJWJZBXHIUSFYG3LVX5SG6HPEVV.pdf,GOCYUTJWJZBXHIUSFYG3LVX5SG6HPEVV.pdf,pdf,pdf,1024
test_folder/original\TXT\graphics_38.txt,graphics_38.txt,txt,txt,1024
test_folder/original\PDF\FWVM2CX6UZ6CPTNRTPSAUCGZ72UZJAAP.pdf,FWVM2CX6UZ6CPTNRTPSAUCGZ72UZJAAP.pdf,pdf,pdf,1024
test_folder/original\PNG\cat.2.jpg,cat.2.jpg,png,jpeg,1024
test_folder/original\PDF\WZRQHWEXEG24SJPSEOEVB6FMPU6DA4VU.pdf,WZRQHWEXEG24SJPSEOEVB6FMPU6DA4VU.pdf,pdf,pdf,1024
test_folder/original\PDF\O6J6V2EMM75WZRVVG7E7KUD2QRK33JDO.pdf,O6J6V2EMM75WZRVVG7E7KUD2QRK33JDO.pdf,pdf,pdf,1024
test_folder/original\PDF\PF723CIBZRC6AIJQB6TLTUEH337JMWP6.pdf,PF723CIBZRC6AIJQB6TLTUEH337JMWP6.pdf,pdf,pdf,1024
test_folder/original\TXT\space_57.txt,space_57.txt,txt,txt,565
test_folder/original\TXT\technologie_36.txt,technologie_36.txt,txt,txt,1024
test_folder/original\TXT\entertainment_11.txt,entertainment_11.txt,txt,txt,1024
test_folder/original\PNG\rider-13.jpg,rider-13.jpg,png,jpeg,1024
test_folder/original\PDF\77e58eba9bdacf3037f2960aff98359105d3611a.pdf,77e58eba9bdacf3037f2960aff98359105d3611a.pdf,pdf,pdf,1024
test_folder/original\TXT\food_75.txt,food_75.txt,txt,txt,1024
test_folder/original\TXT\food_99.txt,food_99.txt,txt,txt,1024
test_folder/original\PNG\0201.png,0201.png,png,png,1024
test_folder/original\TXT\entertainment_32.txt,entertainment_32.txt,txt,txt,947
test_folder/original\PNG\horse-115.jpg,horse-115.jpg,png,jpeg,1024
test_folder/original\PDF\GGLQFBLQF5BLQKGOXFHVYVU6CRHUFVLU.pdf,GGLQFBLQF5BLQKGOXFHVYVU6CRHUFVLU.pdf,pdf,pdf,1024
test_folder/original\PNG\rider-137.jpg,rider-137.jpg,png,jpeg,1024
test_folder/original\PDF\OARISNKXLKQMHUOI5CJP52OYQJ2AARZR.pdf,OARISNKXLKQMHUOI5CJP52OYQJ2AARZR.pdf,pdf,pdf,1024
test_folder/original\PNG\carsgraz_242.bmp,carsgraz_242.bmp,png,txt,1024
test_folder/original\TXT\food_21.txt,food_21.txt,txt,txt,1024
test_folder/original\PDF\N5GFTLPS4OEGG4YIMC7RDPYUGTPLZIIC.pdf,N5GFTLPS4OEGG4YIMC7RDPYUGTPLZIIC.pdf,pdf,pdf,1024
test_folder/original\PDF\SUMLKDI5IC2PYJY6ANGU6KYA37YZLFAD.pdf,SUMLKDI5IC2PYJY6ANGU6KYA37YZLFAD.pdf,pdf,pdf,1024
test_folder/original\PNG\bike_128.bmp,bike_128.bmp,png,txt,1024
test_folder/original\PNG\carsgraz_131.bmp,carsgraz_131.bmp,png,txt,1024
test_folder/original\TXT\entertainment_53.txt,entertainment_53.txt,txt,txt,1024
test_folder/original\PNG\0119.png,0119.png,png,png,1024
test_folder/original\PDF\OQCH5BPQO3G64HZOGOJKA26NQ23FAXD2.pdf,OQCH5BPQO3G64HZOGOJKA26NQ23FAXD2.pdf,pdf,pdf,1024
test_folder/original\PNG\rider-122.jpg,rider-122.jpg,png,jpeg,1024
test_folder/original\TXT\historical_4.txt,historical_4.txt,txt,txt,1024
test_folder/original\TXT\technologie_45.txt,technologie_45.txt,txt,txt,1024
test_folder/original\PDF\aa932e9b0226461291e5f75cc35d2e13c0ab3218.pdf,aa932e9b0226461291e5f75cc35d2e13c0ab3218.pdf,pdf,pdf,1024
test_folder/original\TXT\business_89.txt,business_89.txt,txt,txt,1024
test_folder/original\PDF\MEA47HKC5QL3UF6KNGIXCXA62NTGCUTI.pdf,MEA47HKC5QL3UF6KNGIXCXA62NTGCUTI.pdf,pdf,pdf,1024
test_folder/original\PDF\4MXIGGV3UCFRYPPPQ4LGGB27K42PFGQV.pdf,4MXIGGV3UCFRYPPPQ4LGGB27K42PFGQV.pdf,pdf,pdf,1024
test_folder/original\PNG\dog.56.jpg,dog.56.jpg,png,jpeg,1024
test_folder/original\TXT\entertainment_92.txt,entertainment_92.txt,txt,txt,1024
test_folder/original\PDF\NV2HBNZCYGDWN6RFSVHR75IP4EJX3G4D.pdf,NV2HBNZCYGDWN6RFSVHR75IP4EJX3G4D.pdf,pdf,pdf,1024
test_folder/original\PDF\IAH3Q2OTSFIUYZW7PIM4HB67NYUZPQ53.pdf,IAH3Q2OTSFIUYZW7PIM4HB67NYUZPQ53.pdf,pdf,pdf,1024
test_folder/original\PNG\0170.png,0170.png,png,png,1024
test_folder/original\PNG\horse-48.jpg,horse-48.jpg,png,jpeg,1024
test_folder/original\PNG\0177.png,0177.png,png,png,1024
test_folder/original\PDF\f2558b421c2bbdec48e576c09dbc08ddc9f1c4a5.pdf,f2558b421c2bbdec48e576c09dbc08ddc9f1c4a5.pdf,pdf,pdf,1024
test_folder/original\PNG\dog.193.jpg,dog.193.jpg,png,jpeg,1024
test_folder/original\PDF\YPNQXE4XMRDK6YTLK3B44PDTF4TYHBNY.pdf,YPNQXE4XMRDK6YTLK3B44PDTF4TYHBNY.pdf,pdf,pdf,1024
test_folder/original\TXT\politics_357.txt,politics_357.txt,txt,txt,1024
test_folder/original\TXT\medical_572.txt,medical_572.txt,txt,txt,839
test_folder/original\PNG\cat.150.jpg,cat.150.jpg,png,jpeg,1024
test_folder/original\TXT\food_100.txt,food_100.txt,txt,txt,1024
test_folder/original\PNG\horse-168.jpg,horse-168.jpg,png,jpeg,1024
test_folder/original\TXT\business_12.txt,business_12.txt,txt,txt,1024
test_folder/original\PNG\dog.10.jpg,dog.10.jpg,png,jpeg,1024
test_folder/original\TXT\technologie_98.txt,technologie_98.txt,txt,txt,1024
test_folder/original\TXT\entertainment_85.txt,entertainment_85.txt,txt,txt,1024
test_folder/original\PNG\bike_318.bmp,bike_318.bmp,png,txt,1024
test_folder/original\PDF\EZCGBU5BSAHPIJIBP3AKOZX7WYPWQXTE.pdf,EZCGBU5BSAHPIJIBP3AKOZX7WYPWQXTE.pdf,pdf,pdf,1024
test_folder/original\PDF\IJKB2B6V42DWTKVWIK7WSDYL7IIXTW47.pdf,IJKB2B6V42DWTKVWIK7WSDYL7IIXTW47.pdf,pdf,pdf,1024
test_folder/original\PNG\rider-136.jpg,rider-136.jpg,png,jpeg,1024
test_folder/original\PDF\VHMQFZ7HL5HDQKATFMZYKLQ2KSBBBLNT.pdf,VHMQFZ7HL5HDQKATFMZYKLQ2KSBBBLNT.pdf,pdf,pdf,1024
test_folder/original\PDF\PA46QOQAP7BJ3PS4GXSHDZ4YRVB5EAJZ.pdf,PA46QOQAP7BJ3PS4GXSHDZ4YRVB5EAJZ.pdf,pdf,pdf,1024
test_folder/original\PDF\Y4C4I2PAQFLQEVARQJGECB27WBTI3R3R.pdf,Y4C4I2PAQFLQEVARQJGECB27WBTI3R3R.pdf,pdf,pdf,1024
test_folder/original\PDF\4UCZ4AEHAQQE2MYSFOGR6GRRPKNIAFCW.pdf,4UCZ4AEHAQQE2MYSFOGR6GRRPKNIAFCW.pdf,pdf,pdf,1024
test_folder/original\TXT\graphics_27.txt,graphics_27.txt,txt,txt,1024
test_folder/original\PDF\879ec9e7fed8f827f29acd1f83f3bb75e002360f.pdf,879ec9e7fed8f827f29acd1f83f3bb75e002360f.pdf,pdf,pdf,1024
test_folder/original\PNG\dog.169.jpg,dog.169.jpg,png,jpeg,1024
test_folder/original\PNG\0078.png,0078.png,png,png,1024
test_folder/original\TXT\medical_579.txt,medical_579.txt,txt,txt,715
test_folder/original\PDF\2FDPTMT2NZDE6RIJSZZXGBMD7LYL7YHV.pdf,2FDPTMT2NZDE6RIJSZZXGBMD7LYL7YHV.pdf,pdf,pdf,1024
test_folder/original\PDF\RHPH4OMXIVY3KFVPJQZYY5EH4MEK5YD6.pdf,RHPH4OMXIVY3KFVPJQZYY5EH4MEK5YD6.pdf,pdf,pdf,1024
test_folder/original\PDF\AEDZUJF6HFEQUC3GZMVSC5EVDPBEJ7TF.pdf,AEDZUJF6HFEQUC3GZMVSC5EVDPBEJ7TF.pdf,pdf,pdf,1024
test_folder/original\PNG\cat.65.jpg,cat.65.jpg,png,jpeg,1024
test_folder/original\PDF\4NULTK4K27CEH4E6TCVCEHXAWVJJMWSX.pdf,4NULTK4K27CEH4E6TCVCEHXAWVJJMWSX.pdf,pdf,pdf,1024
test_folder/original\PNG\rider-15.jpg,rider-15.jpg,png,jpeg,1024
test_folder/original\TXT\business_47.txt,business_47.txt,txt,txt,1024
test_folder/original\PDF\UJ4BLXG5WVOR74SEFBHIMJZYVQCVV3EZ.pdf,UJ4BLXG5WVOR74SEFBHIMJZYVQCVV3EZ.pdf,pdf,pdf,1024
test_folder/original\TXT\historical_41.txt,historical_41.txt,txt,txt,1024
test_folder/original\TXT\technologie_34.txt,technologie_34.txt,txt,txt,1024
test_folder/original\PNG\carsgraz_188.bmp,carsgraz_188.bmp,png,txt,1024
test_folder/original\PNG\horse-61.jpg,horse-61.jpg,png,jpeg,1024
test_folder/original\PDF\Y6WT6JF3T35SNVNTQLQWQCSXHVV62FOQ.pdf,Y6WT6JF3T35SNVNTQLQWQCSXHVV62FOQ.pdf,pdf,pdf,1024
test_folder/original\PDF\44CC3S6FHPO5OFLW26RYVMNN3CLMBFU5.pdf,44CC3S6FHPO5OFLW26RYVMNN3CLMBFU5.pdf,pdf,pdf,1024
test_folder/original\PNG\bike_235.bmp,bike_235.bmp,png,txt,1024
test_folder/original\PDF\f55a8d69c6047f9037f79225c367766987e25f2b.pdf,f55a8d69c6047f9037f79225c367766987e25f2b.pdf,pdf,pdf,1024
test_folder/original\TXT\sport_77.txt,sport_77.txt,txt,txt,806
test_folder/original\PNG\cat.115.jpg,cat.115.jpg,png,jpeg,1024
test_folder/original\TXT\technologie_8.txt,technologie_8.txt,txt,txt,1024
test_folder/original\PNG\0105.png,0105.png,png,png,1024
test_folder/original\PNG\0038.png,0038.png,png,png,1024
test_folder/original\PNG\carsgraz_046.bmp,carsgraz_046.bmp,png,txt,1024
test_folder/original\TXT\entertainment_36.txt,entertainment_36.txt,txt,txt,1024
test_folder/original\PDF\CYXM4LWKACZDGNELK57MUBGVEYKQFW24.pdf,CYXM4LWKACZDGNELK57MUBGVEYKQFW24.pdf,pdf,pdf,1024
test_folder/original\TXT\entertainment_62.txt,entertainment_62.txt,txt,txt,956
test_folder/original\TXT\technologie_82.txt,technologie_82.txt,txt,txt,1024
test_folder/original\PDF\ZBBJMP3UTNWVC7OUQZMQW3TDIOEAVTVS.pdf,ZBBJMP3UTNWVC7OUQZMQW3TDIOEAVTVS.pdf,pdf,pdf,1024
test_folder/original\PDF\e666bebd9a30492fb9ca052e0f7d0841a5920f4d.pdf,e666bebd9a30492fb9ca052e0f7d0841a5920f4d.pdf,pdf,pdf,1024
test_folder/original\TXT\entertainment_57.txt,entertainment_57.txt,txt,txt,1024
test_folder/original\PNG\bike_239.bmp,bike_239.bmp,png,txt,1024
test_folder/original\PNG\cat.43.jpg,cat.43.jpg,png,jpeg,1024
test_folder/original\PDF\b818855b7d3d5822dd578d58a909968f5504497d.pdf,b818855b7d3d5822dd578d58a909968f5504497d.pdf,pdf,pdf,1024
test_folder/original\TXT\medical_103.txt,medical_103.txt,txt,txt,923
test_folder/original\PNG\rider-58.jpg,rider-58.jpg,png,jpeg,1024
test_folder/original\TXT\medical_137.txt,medical_137.txt,txt,txt,1024
test_folder/original\PNG\cat.104.jpg,cat.104.jpg,png,jpeg,1024
test_folder/original\PNG\horse-50.jpg,horse-50.jpg,png,jpeg,1024
test_folder/original\PDF\IPSOTZ2PBHPSDMON7CRCOAQD5CNYYOVE.pdf,IPSOTZ2PBHPSDMON7CRCOAQD5CNYYOVE.pdf,pdf,pdf,1024
test_folder/original\PDF\SRBFXQ2CMPHQJYYT64FYLRHKT6XZUUIB.pdf,SRBFXQ2CMPHQJYYT64FYLRHKT6XZUUIB.pdf,pdf,pdf,1024
test_folder/original\PNG\0182.png,0182.png,png,png,1024
test_folder/original\PNG\bike_162.bmp,bike_162.bmp,png,txt,1024
test_folder/original\PNG\horse-16.jpg,horse-16.jpg,png,jpeg,1024
test_folder/original\PDF\SXHJPFKQMVB3WUA6WOCOATLLVMBWKCCS.pdf,SXHJPFKQMVB3WUA6WOCOATLLVMBWKCCS.pdf,pdf,pdf,1024
test_folder/original\PNG\dog.162.jpg,dog.162.jpg,png,jpeg,1024
test_folder/original\PNG\rider-38.jpg,rider-38.jpg,png,jpeg,1024
test_folder/original\TXT\food_26.txt,food_26.txt,txt,txt,791
test_folder/original\TXT\medical_529.txt,medical_529.txt,txt,txt,1024
test_folder/original\TXT\historical_80.txt,historical_80.txt,txt,txt,1024
test_folder/original\TXT\food_32.txt,food_32.txt,txt,txt,718
test_folder/original\TXT\graphics_76.txt,graphics_76.txt,txt,txt,608
test_folder/original\PDF\KAI53AEUTC4X3GRV6WZDEZUWVEYPTPPU.pdf,KAI53AEUTC4X3GRV6WZDEZUWVEYPTPPU.pdf,pdf,pdf,1024
test_folder/original\PNG\carsgraz_047.bmp,carsgraz_047.bmp,png,txt,1024
test_folder/original\PNG\0014.png,0014.png,png,png,1024
test_folder/original\PNG\horse-154.jpg,horse-154.jpg,png,jpeg,1024
test_folder/original\PNG\0117.png,0117.png,png,png,1024
test_folder/original\PNG\dog.148.jpg,dog.148.jpg,png,jpeg,1024
test_folder/original\PDF\NLALJLUHGUMMXT4J7U6N334L5AEG7PMR.pdf,NLALJLUHGUMMXT4J7U6N334L5AEG7PMR.pdf,pdf,pdf,1024
test_folder/original\PNG\bike_326.bmp,bike_326.bmp,png,txt,1024
test_folder/original\PNG\cat.32.jpg,cat.32.jpg,png,jpeg,1024
test_folder/original\PDF\Z4BERFZH7TEKHVOZBCOGG7TB2KKXGT6P.pdf,Z4BERFZH7TEKHVOZBCOGG7TB2KKXGT6P.pdf,pdf,pdf,1024
test_folder/original\PDF\46QMULSFORX2CQ75FYZAEACXSD7AJKPG.pdf,46QMULSFORX2CQ75FYZAEACXSD7AJKPG.pdf,pdf,pdf,1024
test_folder/original\TXT\technologie_59.txt,technologie_59.txt,txt,txt,1024
test_folder/original\PDF\BLPT55AK2Y5UAQGF36X5OMVOO6APKWVI.pdf,BLPT55AK2Y5UAQGF36X5OMVOO6APKWVI.pdf,pdf,pdf,1024
test_folder/original\TXT\entertainment_99.txt,entertainment_99.txt,txt,txt,1024
test_folder/original\PNG\rider-25.jpg,rider-25.jpg,png,jpeg,1024
test_folder/original\TXT\sport_64.txt,sport_64.txt,txt,txt,1024
test_folder/original\TXT\sport_75.txt,sport_75.txt,txt,txt,1024
test_folder/original\PDF\391ee0e4abd1e732bd7c3e5c5dac77be1d03f569.pdf,391ee0e4abd1e732bd7c3e5c5dac77be1d03f569.pdf,pdf,pdf,1024
test_folder/original\PDF\P6HR4OCK2XESQDYBJJZZKFXDENQUEURI.pdf,P6HR4OCK2XESQDYBJJZZKFXDENQUEURI.pdf,pdf,pdf,1024
test_folder/original\TXT\entertainment_98.txt,entertainment_98.txt,txt,txt,1024
test_folder/original\PDF\MCE7YVRKTXPMRN7DYB25B22RCFFLLHOE.pdf,MCE7YVRKTXPMRN7DYB25B22RCFFLLHOE.pdf,pdf,pdf,1024
test_folder/original\TXT\medical_327.txt,medical_327.txt,txt,txt,1024
test_folder/original\TXT\business_87.txt,business_87.txt,txt,txt,1024
test_folder/original\PNG\cat.84.jpg,cat.84.jpg,png,jpeg,1024
test_folder/original\TXT\politics_129.txt,politics_129.txt,txt,txt,1024
test_folder/original\PDF\GZ62LWSF6OMAXHC5VDCOYD53D7GSE2HO.pdf,GZ62LWSF6OMAXHC5VDCOYD53D7GSE2HO.pdf,pdf,pdf,1024
test_folder/original\TXT\politics_229.txt,politics_229.txt,txt,txt,1024
test_folder/original\PNG\cat.98.jpg,cat.98.jpg,png,jpeg,1024
test_folder/original\PNG\horse-140.jpg,horse-140.jpg,png,jpeg,1024
test_folder/original\PNG\0035.png,0035.png,png,png,1024
test_folder/original\PNG\dog.42.jpg,dog.42.jpg,png,jpeg,1024
test_folder/original\TXT\politics_205.txt,politics_205.txt,txt,txt,1024
test_folder/original\PDF\CVDOWLIOUVHDH3SRWHZALMVDPATFQGVR.pdf,CVDOWLIOUVHDH3SRWHZALMVDPATFQGVR.pdf,pdf,pdf,1024
test_folder/original\PDF\RHW47KIVYBR2WPS44NNXESVQHKWOOXXD.pdf,RHW47KIVYBR2WPS44NNXESVQHKWOOXXD.pdf,pdf,pdf,1024
test_folder/original\TXT\food_74.txt,food_74.txt,txt,txt,1024
test_folder/original\PDF\AJS2YB2O3ZRHMBI5IKKT2GU3R6H44U4J.pdf,AJS2YB2O3ZRHMBI5IKKT2GU3R6H44U4J.pdf,pdf,pdf,1024
test_folder/original\PDF\A6C74HSIBPJ2GOACYBE3PWDZSFCEPS4Z.pdf,A6C74HSIBPJ2GOACYBE3PWDZSFCEPS4Z.pdf,pdf,pdf,1024
test_folder/original\PNG\0181.png,0181.png,png,png,1024
test_folder/original\PDF\LYCCADK4R374ZC4R4ROO5VZSQLHW4RPQ.pdf,LYCCADK4R374ZC4R4ROO5VZSQLHW4RPQ.pdf,pdf,pdf,1024
test_folder/original\PNG\dog.106.jpg,dog.106.jpg,png,jpeg,1024
test_folder/original\PNG\horse-15.jpg,horse-15.jpg,png,jpeg,1024
test_folder/original\PDF\CT6O4FXETQ2ABBLKKRWK5E344XQA73C3.pdf,CT6O4FXETQ2ABBLKKRWK5E344XQA73C3.pdf,pdf,pdf,1024
test_folder/original\PNG\carsgraz_200.bmp,carsgraz_200.bmp,png,txt,1024
test_folder/original\PDF\I26R4ZZQ3EN7S4L4IXK4R7XVVJ2DIPHP.pdf,I26R4ZZQ3EN7S4L4IXK4R7XVVJ2DIPHP.pdf,pdf,pdf,1024
test_folder/original\PNG\horse-26.jpg,horse-26.jpg,png,jpeg,1024
test_folder/original\PNG\carsgraz_108.bmp,carsgraz_108.bmp,png,txt,1024
test_folder/original\PDF\X523GQMQOO6J2IFJ534QO3V3HYITF7XF.pdf,X523GQMQOO6J2IFJ534QO3V3HYITF7XF.pdf,pdf,pdf,1024
test_folder/original\PDF\5IXFUAXPIWSNS4I6KSOJCGHEFEEBY5IE.pdf,5IXFUAXPIWSNS4I6KSOJCGHEFEEBY5IE.pdf,pdf,pdf,1024
test_folder/original\PNG\bike_327.bmp,bike_327.bmp,png,txt,1024
test_folder/original\PNG\horse-44.jpg,horse-44.jpg,png,jpeg,1024
test_folder/original\PDF\README.txt,README.txt,pdf,txt,1024
test_folder/original\PDF\da385f63329c4f7d3cc876d5e2897a685db40ac2.pdf,da385f63329c4f7d3cc876d5e2897a685db40ac2.pdf,pdf,pdf,1024
test_folder/original\PNG\cat.70.jpg,cat.70.jpg,png,jpeg,1024
test_folder/original\PDF\KA545DH3SDEIKBX5MLR7QZVYWYBKBGLV.pdf,KA545DH3SDEIKBX5MLR7QZVYWYBKBGLV.pdf,pdf,pdf,1024
test_folder/original\PDF\S6RR7MFG2QJUDGJSWOXXSMWFJOHAB3YU.pdf,S6RR7MFG2QJUDGJSWOXXSMWFJOHAB3YU.pdf,pdf,pdf,1024
test_folder/original\PNG\carsgraz_271.bmp,carsgraz_271.bmp,png,txt,1024
test_folder/original\TXT\business_51.txt,business_51.txt,txt,txt,1024
test_folder/original\PDF\MRHH3GUV6VPV3RNA7LYJSLK4UGA4QI7Y.pdf,MRHH3GUV6VPV3RNA7LYJSLK4UGA4QI7Y.pdf,pdf,pdf,1024
test_folder/original\PNG\carsgraz_373.bmp,carsgraz_373.bmp,png,txt,1024
test_folder/original\PNG\horse-121.jpg,horse-121.jpg,png,jpeg,1024
test_folder/original\TXT\historical_43.txt,historical_43.txt,txt,txt,1024
test_folder/original\TXT\business_23.txt,business_23.txt,txt,txt,1024
test_folder/original\PNG\dog.23.jpg,dog.23.jpg,png,jpeg,1024
test_folder/original\PNG\horse-98.jpg,horse-98.jpg,png,jpeg,1024
test_folder/original\TXT\sport_2.txt,sport_2.txt,txt,txt,902
test_folder/original\PNG\rider-10.jpg,rider-10.jpg,png,jpeg,1024
test_folder/original\TXT\politics_225.txt,politics_225.txt,txt,txt,1024
test_folder/original\PNG\0175.png,0175.png,png,png,1024
test_folder/original\PDF\PFYC6E5GGQLD2ON3WMS63OO5DERTOC5G.pdf,PFYC6E5GGQLD2ON3WMS63OO5DERTOC5G.pdf,pdf,pdf,1024
test_folder/original\PNG\carsgraz_182.bmp,carsgraz_182.bmp,png,txt,1024
test_folder/original\TXT\sport_80.txt,sport_80.txt,txt,txt,1024
test_folder/original\PDF\LCFQJGJLCOJ56B3YM3XIPRJ7DFUQPTDG.pdf,LCFQJGJLCOJ56B3YM3XIPRJ7DFUQPTDG.pdf,pdf,pdf,1024
test_folder/original\PDF\SGU5XQOYWHC2ADXS74XA3FLWFRGL5RDW.pdf,SGU5XQOYWHC2ADXS74XA3FLWFRGL5RDW.pdf,pdf,pdf,1024
test_folder/original\PNG\cat.95.jpg,cat.95.jpg,png,jpeg,1024
test_folder/original\PNG\horse-1.jpg,horse-1.jpg,png,jpeg,1024
test_folder/original\PDF\JGLEJ4HUZGQBXUZ3ZXUWHSPYIDVKVU2K.pdf,JGLEJ4HUZGQBXUZ3ZXUWHSPYIDVKVU2K.pdf,pdf,pdf,1024
test_folder/original\PDF\KKUB224LBBU5Q6QF3I52V7NM5BFDXKMA.pdf,KKUB224LBBU5Q6QF3I52V7NM5BFDXKMA.pdf,pdf,pdf,1024
test_folder/original\TXT\technologie_37.txt,technologie_37.txt,txt,txt,1024
test_folder/original\PDF\RI6NFCCK3DM3HB3ZU7OJTGVRX2YSD3LB.pdf,RI6NFCCK3DM3HB3ZU7OJTGVRX2YSD3LB.pdf,pdf,pdf,1024
test_folder/original\PDF\GHHN226SIBRDZ5Y52XT5WBU2Y6HS4C6P.pdf,GHHN226SIBRDZ5Y52XT5WBU2Y6HS4C6P.pdf,pdf,pdf,1024
test_folder/original\PNG\horse-161.jpg,horse-161.jpg,png,jpeg,1024
test_folder/original\PDF\UIAWYVO3ZI6VIPTWV6TB7CFFNGCQ23PA.pdf,UIAWYVO3ZI6VIPTWV6TB7CFFNGCQ23PA.pdf,pdf,pdf,1024
test_folder/original\PNG\dog.80.jpg,dog.80.jpg,png,jpeg,1024
test_folder/original\PDF\VELUXRRXN2I54VRZZSVQZO7HVHQDIVUP.pdf,VELUXRRXN2I54VRZZSVQZO7HVHQDIVUP.pdf,pdf,pdf,1024
test_folder/original\PDF\UHWGINMX7GWQH3ZETPVR2RSLTPQVEYX6.pdf,UHWGINMX7GWQH3ZETPVR2RSLTPQVEYX6.pdf,pdf,pdf,1024
test_folder/original\PDF\RDQEO3IHCUXHQO3INBQKLFGDQOCQJ2QS.pdf,RDQEO3IHCUXHQO3INBQKLFGDQOCQJ2QS.pdf,pdf,pdf,1024
test_folder/original\TXT\sport_41.txt,sport_41.txt,txt,txt,1024
test_folder/original\PDF\YFPURNDOL6TDJBBMD6FIMGPZ64OBYAQ6.pdf,YFPURNDOL6TDJBBMD6FIMGPZ64OBYAQ6.pdf,pdf,pdf,1024
test_folder/original\PDF\IJEACIRWFTFAIA4OFQIWDFMFTRYC7SDS.pdf,IJEACIRWFTFAIA4OFQIWDFMFTRYC7SDS.pdf,pdf,pdf,1024
test_folder/original\PNG\rider-37.jpg,rider-37.jpg,png,jpeg,1024
test_folder/original\PDF\X6EBX5HTWOYINUVPIPKY7AEPNNA7UT7H.pdf,X6EBX5HTWOYINUVPIPKY7AEPNNA7UT7H.pdf,pdf,pdf,1024
test_folder/original\PDF\QKMKFZHDUXL4UT3XEH7MJU4V7AUZHBGO.pdf,QKMKFZHDUXL4UT3XEH7MJU4V7AUZHBGO.pdf,pdf,pdf,1024
test_folder/original\PDF\7N6KRBZIEFV4F5QLLW3GBF6LKNNWSWVB.pdf,7N6KRBZIEFV4F5QLLW3GBF6LKNNWSWVB.pdf,pdf,pdf,1024
test_folder/original\TXT\space_10.txt,space_10.txt,txt,txt,844
test_folder/original\PDF\HLU6GY5HJLJF4AYSMOXUB6K324KXZBZM.pdf,HLU6GY5HJLJF4AYSMOXUB6K324KXZBZM.pdf,pdf,pdf,1024
test_folder/original\TXT\food_45.txt,food_45.txt,txt,txt,1024
test_folder/original\TXT\business_67.txt,business_67.txt,txt,txt,1024
test_folder/original\TXT\graphics_48.txt,graphics_48.txt,txt,txt,645
test_folder/original\TXT\graphics_35.txt,graphics_35.txt,txt,txt,1024
test_folder/original\PNG\bike_066.bmp,bike_066.bmp,png,txt,1024
test_folder/original\PNG\cat.171.jpg,cat.171.jpg,png,jpeg,1024
test_folder/original\PDF\U55XYWRRRDDHAJPPHG6QWKZSAVKMQ5W5.pdf,U55XYWRRRDDHAJPPHG6QWKZSAVKMQ5W5.pdf,pdf,pdf,1024
test_folder/original\PNG\bike_124.bmp,bike_124.bmp,png,txt,1024
test_folder/original\TXT\food_23.txt,food_23.txt,txt,txt,1024
test_folder/original\PDF\FDSCSRQTOQOGCBTQJU35NWLJ7OVYQW7C.pdf,FDSCSRQTOQOGCBTQJU35NWLJ7OVYQW7C.pdf,pdf,pdf,1024
test_folder/original\PNG\cat.24.jpg,cat.24.jpg,png,jpeg,1024
test_folder/original\TXT\historical_81.txt,historical_81.txt,txt,txt,1024
test_folder/original\PNG\dog.187.jpg,dog.187.jpg,png,jpeg,1024
test_folder/original\PNG\0193.png,0193.png,png,png,1024
test_folder/original\TXT\space_61.txt,space_61.txt,txt,txt,1024
test_folder/original\PNG\carsgraz_237.bmp,carsgraz_237.bmp,png,txt,1024
test_folder/original\PNG\cat.39.jpg,cat.39.jpg,png,jpeg,1024
test_folder/original\TXT\historical_52.txt,historical_52.txt,txt,txt,1024
test_folder/original\PNG\horse-157.jpg,horse-157.jpg,png,jpeg,1024
test_folder/original\PNG\dog.33.jpg,dog.33.jpg,png,jpeg,1024
test_folder/original\TXT\historical_96.txt,historical_96.txt,txt,txt,1024
test_folder/original\PNG\horse-148.jpg,horse-148.jpg,png,jpeg,1024
test_folder/original\PDF\LXT3XRV7OPUDA54NZCRFZW7KHFWU4Y3D.pdf,LXT3XRV7OPUDA54NZCRFZW7KHFWU4Y3D.pdf,pdf,pdf,1024
test_folder/original\PNG\0092.png,0092.png,png,png,1024
test_folder/original\TXT\politics_111.txt,politics_111.txt,txt,txt,1024
test_folder/original\TXT\technologie_16.txt,technologie_16.txt,txt,txt,1024
test_folder/original\PNG\0001.png,0001.png,png,png,1024
test_folder/original\PNG\dog.184.jpg,dog.184.jpg,png,jpeg,1024
test_folder/original\PDF\J4XIQKGR5I6GKS2RD2IWEWCUNLVEFSZO.pdf,J4XIQKGR5I6GKS2RD2IWEWCUNLVEFSZO.pdf,pdf,pdf,1024
test_folder/original\PDF\D3BLEFGEYIMPXCDAJJUYBTSMJEAURKTV.pdf,D3BLEFGEYIMPXCDAJJUYBTSMJEAURKTV.pdf,pdf,pdf,1024
test_folder/original\PDF\MPKQ6XRS277ZF7HM3DLVBQZUYBG35GWC.pdf,MPKQ6XRS277ZF7HM3DLVBQZUYBG35GWC.pdf,pdf,pdf,1024
test_folder/original\PNG\horse-67.jpg,horse-67.jpg,png,jpeg,1024
test_folder/original\PDF\Y34N44UQJPD6YLGSXDZREWUIXVBPNLZH.pdf,Y34N44UQJPD6YLGSXDZREWUIXVBPNLZH.pdf,pdf,pdf,1024
test_folder/original\TXT\graphics_31.txt,graphics_31.txt,txt,txt,401
test_folder/original\PNG\dog.37.jpg,dog.37.jpg,png,jpeg,1024
test_folder/original\PNG\bike_234.bmp,bike_234.bmp,png,txt,1024
test_folder/original\PDF\6OV4KF7OC77SI4QQ6W5MKPRKLFKJFMSA.pdf,6OV4KF7OC77SI4QQ6W5MKPRKLFKJFMSA.pdf,pdf,pdf,1024
test_folder/original\PDF\PLOHNC5FBG7GG7BN7IZ5TLOLYMGRDOY6.pdf,PLOHNC5FBG7GG7BN7IZ5TLOLYMGRDOY6.pdf,pdf,pdf,1024
test_folder/original\TXT\historical_9.txt,historical_9.txt,txt,txt,1024
test_folder/original\PNG\dog.150.jpg,dog.150.jpg,png,jpeg,1024
test_folder/original\TXT\technologie_23.txt,technologie_23.txt,txt,txt,1024
test_folder/original\TXT\entertainment_46.txt,entertainment_46.txt,txt,txt,1024
test_folder/original\TXT\food_87.txt,food_87.txt,txt,txt,1024
test_folder/original\TXT\historical_23.txt,historical_23.txt,txt,txt,1017
test_folder/original\PDF\f997183fa6bf1ef75e31406d98f025c16e527d20.pdf,f997183fa6bf1ef75e31406d98f025c16e527d20.pdf,pdf,pdf,1024
test_folder/original\PDF\E7O4MCIJGJKJSZ2G3ID2HPJMHKKQESON.pdf,E7O4MCIJGJKJSZ2G3ID2HPJMHKKQESON.pdf,pdf,pdf,1024
test_folder/original\PDF\WPSL4I6DPEKQWLMHVD5TRXPBVMN3MUFW.pdf,WPSL4I6DPEKQWLMHVD5TRXPBVMN3MUFW.pdf,pdf,pdf,1024
test_folder/original\PNG\dog.165.jpg,dog.165.jpg,png,jpeg,1024
test_folder/original\PNG\rider-52.jpg,rider-52.jpg,png,jpeg,1024
test_folder/original\TXT\graphics_5.txt,graphics_5.txt,txt,txt,500
test_folder/original\PNG\dog.116.jpg,dog.116.jpg,png,jpeg,1024
test_folder/original\PNG\rider-108.jpg,rider-108.jpg,png,jpeg,1024
test_folder/original\PNG\dog.160.jpg,dog.160.jpg,png,jpeg,1024
test_folder/original\PNG\0176.png,0176.png,png,png,1024
test_folder/original\PNG\cat.188.jpg,cat.188.jpg,png,jpeg,1024
test_folder/original\PNG\bike_149.bmp,bike_149.bmp,png,txt,1024
test_folder/original\TXT\politics_128.txt,politics_128.txt,txt,txt,1024
test_folder/original\PNG\dog.179.jpg,dog.179.jpg,png,jpeg,1024
test_folder/original\PNG\horse-195.jpg,horse-195.jpg,png,jpeg,1024
test_folder/original\PDF\Y3S5ELWZ63OQNZDWBJ5D6HWRVVKUF7LV.pdf,Y3S5ELWZ63OQNZDWBJ5D6HWRVVKUF7LV.pdf,pdf,pdf,1024
test_folder/original\PDF\CRUX6GOFZIONS7TFHX7MGJWDZ5F636K6.pdf,CRUX6GOFZIONS7TFHX7MGJWDZ5F636K6.pdf,pdf,pdf,1024
test_folder/original\TXT\medical_250.txt,medical_250.txt,txt,txt,1024
test_folder/original\PDF\TMS7M2BLG2KPWG6X7X4M6HM6C6EOLKHA.pdf,TMS7M2BLG2KPWG6X7X4M6HM6C6EOLKHA.pdf,pdf,pdf,1024
test_folder/original\PNG\dog.161.jpg,dog.161.jpg,png,jpeg,1024
test_folder/original\TXT\graphics_89.txt,graphics_89.txt,txt,txt,1024
test_folder/original\PNG\rider-171.jpg,rider-171.jpg,png,jpeg,1024
test_folder/original\PNG\bike_015.bmp,bike_015.bmp,png,txt,1024
test_folder/original\PNG\dog.90.jpg,dog.90.jpg,png,jpeg,1024
test_folder/original\TXT\food_80.txt,food_80.txt,txt,txt,1024
test_folder/original\TXT\graphics_7.txt,graphics_7.txt,txt,txt,335
test_folder/original\PNG\horse-39.jpg,horse-39.jpg,png,jpeg,1024
test_folder/original\PNG\horse-80.jpg,horse-80.jpg,png,jpeg,1024
test_folder/original\PNG\horse-182.jpg,horse-182.jpg,png,jpeg,1024
test_folder/original\PNG\cat.174.jpg,cat.174.jpg,png,jpeg,1024
test_folder/original\PDF\W7KYNROWRCJS5Q4BRHWS65K5BQ7JHZKG.pdf,W7KYNROWRCJS5Q4BRHWS65K5BQ7JHZKG.pdf,pdf,pdf,1024
test_folder/original\PDF\JW44PKSPRUHPMGLASPIT273NOJ5EOU7X.pdf,JW44PKSPRUHPMGLASPIT273NOJ5EOU7X.pdf,pdf,pdf,1024
test_folder/original\PDF\OMIUL266TMW75QUBWV2CUTRL56PSFGDK.pdf,OMIUL266TMW75QUBWV2CUTRL56PSFGDK.pdf,pdf,pdf,1024
test_folder/original\PNG\rider-147.jpg,rider-147.jpg,png,jpeg,1024
test_folder/original\PNG\0178.png,0178.png,png,png,1024
test_folder/original\PNG\cat.182.jpg,cat.182.jpg,png,jpeg,1024
test_folder/original\PNG\carsgraz_207.bmp,carsgraz_207.bmp,png,txt,1024
test_folder/original\TXT\sport_63.txt,sport_63.txt,txt,txt,1024
test_folder/original\PNG\bike_205.bmp,bike_205.bmp,png,txt,1024
test_folder/original\TXT\business_11.txt,business_11.txt,txt,txt,1024
test_folder/original\TXT\technologie_9.txt,technologie_9.txt,txt,txt,1024
test_folder/original\PNG\rider-111.jpg,rider-111.jpg,png,jpeg,1024
test_folder/original\PDF\BUDP7F2VA32OORAA4TZ5OYZRYYLZGMDK.pdf,BUDP7F2VA32OORAA4TZ5OYZRYYLZGMDK.pdf,pdf,pdf,1024
test_folder/original\PDF\O7N4FHZJHLMQ5QI2XPMYC2MSSNJ6DCNT.pdf,O7N4FHZJHLMQ5QI2XPMYC2MSSNJ6DCNT.pdf,pdf,pdf,1024
test_folder/original\TXT\medical_438.txt,medical_438.txt,txt,txt,1024
test_folder/original\TXT\food_18.txt,food_18.txt,txt,txt,1024
test_folder/original\PNG\cat.78.jpg,cat.78.jpg,png,jpeg,1024
test_folder/original\TXT\graphics_47.txt,graphics_47.txt,txt,txt,1024
test_folder/original\PNG\cat.17.jpg,cat.17.jpg,png,jpeg,1024
test_folder/original\TXT\sport_52.txt,sport_52.txt,txt,txt,806
test_folder/original\PDF\3EG2SKQ4OJ5RGGAPXC4LPRAYJJJNH2XO.pdf,3EG2SKQ4OJ5RGGAPXC4LPRAYJJJNH2XO.pdf,pdf,pdf,1024
test_folder/original\TXT\politics_136.txt,politics_136.txt,txt,txt,1024
test_folder/original\PDF\SX6JO3YFA3C6TW6WORGN6LZKGLO3K2QJ.pdf,SX6JO3YFA3C6TW6WORGN6LZKGLO3K2QJ.pdf,pdf,pdf,1024
test_folder/original\TXT\politics_138.txt,politics_138.txt,txt,txt,1024
test_folder/original\PDF\VM32CDIWSDC4S5YMYFZBF4MP7SXFSCPO.pdf,VM32CDIWSDC4S5YMYFZBF4MP7SXFSCPO.pdf,pdf,pdf,1024
test_folder/original\PDF\JQTLTBNFMLOTJNAZWAJGUYXUWJ42X5WM.pdf,JQTLTBNFMLOTJNAZWAJGUYXUWJ42X5WM.pdf,pdf,pdf,1024
test_folder/original\PNG\rider-193.jpg,rider-193.jpg,png,jpeg,1024
test_folder/original\PNG\horse-86.jpg,horse-86.jpg,png,jpeg,1024
test_folder/original\TXT\graphics_69.txt,graphics_69.txt,txt,txt,1024
test_folder/original\TXT\sport_91.txt,sport_91.txt,txt,txt,1024
test_folder/original\PDF\G55L6N2GWXAO25ORSIBERRGSISMUNVKC.pdf,G55L6N2GWXAO25ORSIBERRGSISMUNVKC.pdf,pdf,pdf,1024
test_folder/original\PNG\carsgraz_303.bmp,carsgraz_303.bmp,png,txt,1024
test_folder/original\PNG\carsgraz_215.bmp,carsgraz_215.bmp,png,txt,1024
test_folder/original\PDF\5JWNPTKTIAPTHTEGVKW7WVNBDBKQMRJO.pdf,5JWNPTKTIAPTHTEGVKW7WVNBDBKQMRJO.pdf,pdf,pdf,1024
test_folder/original\PNG\rider-144.jpg,rider-144.jpg,png,jpeg,1024
test_folder/original\TXT\business_40.txt,business_40.txt,txt,txt,1024
test_folder/original\PNG\cat.141.jpg,cat.141.jpg,png,jpeg,1024
test_folder/original\PNG\dog.196.jpg,dog.196.jpg,png,jpeg,1024
test_folder/original\PNG\bike_286.bmp,bike_286.bmp,png,txt,1024
test_folder/original\TXT\entertainment_6.txt,entertainment_6.txt,txt,txt,1024
test_folder/original\PNG\horse-34.jpg,horse-34.jpg,png,jpeg,1024
test_folder/original\PNG\horse-108.jpg,horse-108.jpg,png,jpeg,1024
test_folder/original\PDF\887c6fd22c2be24a023105b3fb23d5e29dfd8055.pdf,887c6fd22c2be24a023105b3fb23d5e29dfd8055.pdf,pdf,pdf,1024
test_folder/original\PDF\KQKKOFZRA2MSM7S4EEGOTH2CPEJOUNWD.pdf,KQKKOFZRA2MSM7S4EEGOTH2CPEJOUNWD.pdf,pdf,pdf,1024
test_folder/original\PDF\WDNSSVM2QPMMUUDT4YEHYDPAALFYP2O7.pdf,WDNSSVM2QPMMUUDT4YEHYDPAALFYP2O7.pdf,pdf,pdf,1024
test_folder/original\PNG\dog.144.jpg,dog.144.jpg,png,jpeg,1024
test_folder/original\PNG\bike_167.bmp,bike_167.bmp,png,txt,1024
test_folder/original\PNG\bike_270.bmp,bike_270.bmp,png,txt,1024
test_folder/original\PNG\rider-188.jpg,rider-188.jpg,png,jpeg,1024
test_folder/original\PDF\X2IMLLFKA2Z5YVXOFI7GIBJJBOWGR5TY.pdf,X2IMLLFKA2Z5YVXOFI7GIBJJBOWGR5TY.pdf,pdf,pdf,1024
test_folder/original\TXT\entertainment_77.txt,entertainment_77.txt,txt,txt,1024
test_folder/original\TXT\technologie_40.txt,technologie_40.txt,txt,txt,1024
test_folder/original\PDF\6MPUNFSLSFKNLOGE2I6WRELWSJOF27UK.pdf,6MPUNFSLSFKNLOGE2I6WRELWSJOF27UK.pdf,pdf,pdf,1024
test_folder/original\PDF\ETHSNCYBMUXLZLAAB6PZK2GIO2E7ZEXK.pdf,ETHSNCYBMUXLZLAAB6PZK2GIO2E7ZEXK.pdf,pdf,pdf,1024
test_folder/original\PNG\dog.63.jpg,dog.63.jpg,png,jpeg,1024
test_folder/original\PNG\0127.png,0127.png,png,png,1024
test_folder/original\PDF\OD4ERNFNRHRA77G3YVQMKKCFQ4KQZGVL.pdf,OD4ERNFNRHRA77G3YVQMKKCFQ4KQZGVL.pdf,pdf,pdf,1024
test_folder/original\PDF\KWPQYSUTIEVQHMZBL2UDE4OKV53YYSG3.pdf,KWPQYSUTIEVQHMZBL2UDE4OKV53YYSG3.pdf,pdf,pdf,1024
test_folder/original\PDF\F3TG5IF7IJ4M3G6U255KCW355VLFMRBK.pdf,F3TG5IF7IJ4M3G6U255KCW355VLFMRBK.pdf,pdf,pdf,1024
test_folder/original\PNG\carsgraz_040.bmp,carsgraz_040.bmp,png,txt,1024
test_folder/original\PNG\horse-183.jpg,horse-183.jpg,png,jpeg,1024
test_folder/original\PNG\cat.61.jpg,cat.61.jpg,png,jpeg,1024
test_folder/original\PNG\bike_191.bmp,bike_191.bmp,png,txt,1024
test_folder/original\TXT\medical_586.txt,medical_586.txt,txt,txt,1024
test_folder/original\PDF\C4NPAEIY6FLWJW4OYOXHQQPAARYGSVFG.pdf,C4NPAEIY6FLWJW4OYOXHQQPAARYGSVFG.pdf,pdf,pdf,1024
test_folder/original\PDF\CIPZA5WZQ5JAE4AXBJTWO4PFGT7ORKB7.pdf,CIPZA5WZQ5JAE4AXBJTWO4PFGT7ORKB7.pdf,pdf,pdf,1024
test_folder/original\TXT\entertainment_4.txt,entertainment_4.txt,txt,txt,1024
test_folder/original\PDF\22ZOCVPAF2GSGXR357RM7UT4Z22RS2LH.pdf,22ZOCVPAF2GSGXR357RM7UT4Z22RS2LH.pdf,pdf,pdf,1024
test_folder/original\PNG\dog.50.jpg,dog.50.jpg,png,jpeg,1024
test_folder/original\PNG\0003.png,0003.png,png,png,1024
test_folder/original\PNG\bike_335.bmp,bike_335.bmp,png,txt,1024
test_folder/original\PNG\horse-46.jpg,horse-46.jpg,png,jpeg,1024
test_folder/original\PDF\A6DZXB7GJCZULMSWOVPHR6WR6FRXNRAN.pdf,A6DZXB7GJCZULMSWOVPHR6WR6FRXNRAN.pdf,pdf,pdf,1024
test_folder/original\PDF\GS5DOB2Q5E234R3L6T4MXMRGJQFXVY7L.pdf,GS5DOB2Q5E234R3L6T4MXMRGJQFXVY7L.pdf,pdf,pdf,1024
test_folder/original\TXT\business_68.txt,business_68.txt,txt,txt,1024
test_folder/original\TXT\graphics_3.txt,graphics_3.txt,txt,txt,1024
test_folder/original\PDF\JFUKR5IZBGDNDWX75DHLDWK323RQOXPB.pdf,JFUKR5IZBGDNDWX75DHLDWK323RQOXPB.pdf,pdf,pdf,1024
test_folder/original\PNG\bike_309.bmp,bike_309.bmp,png,txt,1024
test_folder/original\PDF\RUW5HYZIHK3VYBQE2PL4OZ3KT2S2SPVO.pdf,RUW5HYZIHK3VYBQE2PL4OZ3KT2S2SPVO.pdf,pdf,pdf,1024
test_folder/original\PNG\rider-19.jpg,rider-19.jpg,png,jpeg,1024
test_folder/original\PNG\0032.png,0032.png,png,png,1024
test_folder/original\PDF\CYPB3G76MAY6ESGBZ5FW7V4AHG5YVS7F.pdf,CYPB3G76MAY6ESGBZ5FW7V4AHG5YVS7F.pdf,pdf,pdf,1024
test_folder/original\PNG\bike_065.bmp,bike_065.bmp,png,txt,1024
test_folder/original\PNG\carsgraz_209.bmp,carsgraz_209.bmp,png,txt,1024
test_folder/original\PNG\bike_063.bmp,bike_063.bmp,png,txt,1024
test_folder/original\TXT\sport_27.txt,sport_27.txt,txt,txt,991
test_folder/original\PNG\bike_044.bmp,bike_044.bmp,png,txt,1024
test_folder/original\TXT\space_13.txt,space_13.txt,txt,txt,1024
test_folder/original\PDF\WG4X6OKEVAXGV5SRWF2GVU7BEKZYVTK5.pdf,WG4X6OKEVAXGV5SRWF2GVU7BEKZYVTK5.pdf,pdf,pdf,1024
test_folder/original\TXT\space_51.txt,space_51.txt,txt,txt,685
test_folder/original\PDF\GMASRQ5T6SZJ7CAIU73TNIHTPW7FWCE2.pdf,GMASRQ5T6SZJ7CAIU73TNIHTPW7FWCE2.pdf,pdf,pdf,1024
test_folder/original\PNG\0063.png,0063.png,png,png,1024
test_folder/original\PDF\ISNVO7SIHHW237IDLQ73PZNSSUSTZ6R7.pdf,ISNVO7SIHHW237IDLQ73PZNSSUSTZ6R7.pdf,pdf,pdf,1024
test_folder/original\PNG\dog.19.jpg,dog.19.jpg,png,jpeg,1024
test_folder/original\PDF\2F73J4NP2YHKVISKHDIDJ7RGPDKTQZ7D.pdf,2F73J4NP2YHKVISKHDIDJ7RGPDKTQZ7D.pdf,pdf,pdf,1024
test_folder/original\TXT\space_15.txt,space_15.txt,txt,txt,434
test_folder/original\PDF\R6LHWCGK5EOQHHR7EXRI7ZJLBG2R5QOF.pdf,R6LHWCGK5EOQHHR7EXRI7ZJLBG2R5QOF.pdf,pdf,pdf,1024
test_folder/original\PNG\rider-172.jpg,rider-172.jpg,png,jpeg,1024
test_folder/original\TXT\politics_21.txt,politics_21.txt,txt,txt,1024
test_folder/original\PNG\cat.201.jpg,cat.201.jpg,png,jpeg,1024
test_folder/original\PNG\rider-66.jpg,rider-66.jpg,png,jpeg,1024
test_folder/original\PNG\horse-144.jpg,horse-144.jpg,png,jpeg,1024
test_folder/original\PNG\0136.png,0136.png,png,png,1024
test_folder/original\PDF\T5YDZLEHT6CHH5L4TRKYQOFOCKXWR5DM.pdf,T5YDZLEHT6CHH5L4TRKYQOFOCKXWR5DM.pdf,pdf,pdf,1024
test_folder/original\PDF\EMMM5FRYBCPVBLVU4RY6OFEKZFWM2KIJ.pdf,EMMM5FRYBCPVBLVU4RY6OFEKZFWM2KIJ.pdf,pdf,pdf,1024
test_folder/original\PDF\672YOEHR4MIARPSZVTI7ERPCKKA3FNIY.pdf,672YOEHR4MIARPSZVTI7ERPCKKA3FNIY.pdf,pdf,pdf,1024
test_folder/original\TXT\space_93.txt,space_93.txt,txt,txt,1024
test_folder/original\PDF\6HTC5FVAQW3DVHYRD7PVJGBBQS7GRZTL.pdf,6HTC5FVAQW3DVHYRD7PVJGBBQS7GRZTL.pdf,pdf,txt,1024
test_folder/original\PNG\dog.48.jpg,dog.48.jpg,png,jpeg,1024
test_folder/original\PNG\0111.png,0111.png,png,png,1024
test_folder/original\PDF\VQ7V6RDE524BDE4CSBLMPDVR44QSED2I.pdf,VQ7V6RDE524BDE4CSBLMPDVR44QSED2I.pdf,pdf,pdf,1024
test_folder/original\PNG\bike_212.bmp,bike_212.bmp,png,txt,1024
test_folder/original\PNG\dog.134.jpg,dog.134.jpg,png,jpeg,1024
test_folder/original\PNG\horse-55.jpg,horse-55.jpg,png,jpeg,1024
test_folder/original\PDF\S7IWO47XLGTHHIZJJ5GYT5I4BGLPVL32.pdf,S7IWO47XLGTHHIZJJ5GYT5I4BGLPVL32.pdf,pdf,pdf,1024
test_folder/original\PNG\cat.89.jpg,cat.89.jpg,png,jpeg,1024
test_folder/original\PNG\carsgraz_411.bmp,carsgraz_411.bmp,png,txt,1024
test_folder/original\TXT\technologie_2.txt,technologie_2.txt,txt,txt,1024
test_folder/original\PDF\Z3WZ7DRI3LWQUHWWRHOMKHBF3A5L4NTD.pdf,Z3WZ7DRI3LWQUHWWRHOMKHBF3A5L4NTD.pdf,pdf,pdf,1024
test_folder/original\TXT\business_36.txt,business_36.txt,txt,txt,908
test_folder/original\TXT\politics_112.txt,politics_112.txt,txt,txt,1024
test_folder/original\PDF\2XP6SY3BBU24ICI4JSHCLNQKAKGVMMPG.pdf,2XP6SY3BBU24ICI4JSHCLNQKAKGVMMPG.pdf,pdf,pdf,1024
test_folder/original\TXT\sport_89.txt,sport_89.txt,txt,txt,1024
test_folder/original\PDF\CUHGX5XRCG2IOBFKZJO73RCWRBGZTE3J.pdf,CUHGX5XRCG2IOBFKZJO73RCWRBGZTE3J.pdf,pdf,pdf,1024
test_folder/original\PDF\UA55FQO7YFJPF45VIJCGELKJ6KPWTIFY.pdf,UA55FQO7YFJPF45VIJCGELKJ6KPWTIFY.pdf,pdf,pdf,1024
test_folder/original\PDF\KOIY3K7K4LNEPAQQ2YXCAW2KS4TYUSBR.pdf,KOIY3K7K4LNEPAQQ2YXCAW2KS4TYUSBR.pdf,pdf,pdf,1024
test_folder/original\PNG\rider-135.jpg,rider-135.jpg,png,jpeg,1024
test_folder/original\TXT\entertainment_16.txt,entertainment_16.txt,txt,txt,1024
test_folder/original\PDF\VDWP6Q64TMEWDW2TCZ4TGUJX44EK6E36.pdf,VDWP6Q64TMEWDW2TCZ4TGUJX44EK6E36.pdf,pdf,pdf,1024
test_folder/original\PNG\rider-100.jpg,rider-100.jpg,png,jpeg,1024
test_folder/original\TXT\business_100.txt,business_100.txt,txt,txt,1024
test_folder/original\TXT\sport_73.txt,sport_73.txt,txt,txt,1011
test_folder/original\PNG\dog.202.jpg,dog.202.jpg,png,jpeg,1024
test_folder/original\PNG\0031.png,0031.png,png,png,1024
test_folder/original\PDF\XXZGBTO7DJBJ476EV6TWS6YH62WUYQU2.pdf,XXZGBTO7DJBJ476EV6TWS6YH62WUYQU2.pdf,pdf,pdf,1024
test_folder/original\PDF\7AUNHNHEJ5WZYXSDOPHTM3UHLGVPSSX6.pdf,7AUNHNHEJ5WZYXSDOPHTM3UHLGVPSSX6.pdf,pdf,pdf,1024
test_folder/original\PDF\6C4F5OS4HOEBDQEKSVUX42XOMOJG3BNW.pdf,6C4F5OS4HOEBDQEKSVUX42XOMOJG3BNW.pdf,pdf,pdf,1024
test_folder/original\TXT\politics_242.txt,politics_242.txt,txt,txt,1024
test_folder/original\TXT\technologie_86.txt,technologie_86.txt,txt,txt,1024
test_folder/original\PDF\VYK5MZE2ESWMGNXTHQZ56OQ46BR3JJUG.pdf,VYK5MZE2ESWMGNXTHQZ56OQ46BR3JJUG.pdf,pdf,pdf,1024
test_folder/original\PNG\horse-158.jpg,horse-158.jpg,png,jpeg,1024
test_folder/original\PDF\IM4QZDPPO5PUG5SPN2VFLKQDDK5RT3BU.pdf,IM4QZDPPO5PUG5SPN2VFLKQDDK5RT3BU.pdf,pdf,pdf,1024
test_folder/original\TXT\sport_4.txt,sport_4.txt,txt,txt,1024
test_folder/original\PNG\0163.png,0163.png,png,png,1024
test_folder/original\TXT\sport_32.txt,sport_32.txt,txt,txt,1024
test_folder/original\PDF\JX4QV4DIXVXTDI737KSBDD7U3WHIGNWL.pdf,JX4QV4DIXVXTDI737KSBDD7U3WHIGNWL.pdf,pdf,pdf,1024
test_folder/original\PNG\rider-83.jpg,rider-83.jpg,png,jpeg,1024
test_folder/original\PDF\INE663VOPVFVXLNIIAX5ZESMKE2X34Z3.pdf,INE663VOPVFVXLNIIAX5ZESMKE2X34Z3.pdf,pdf,pdf,1024
test_folder/original\TXT\business_44.txt,business_44.txt,txt,txt,1024
test_folder/original\PDF\AMUVMXBOGLM4XL5MLD7IPQDEPKAQB63X.pdf,AMUVMXBOGLM4XL5MLD7IPQDEPKAQB63X.pdf,pdf,pdf,1024
test_folder/original\PNG\horse-23.jpg,horse-23.jpg,png,jpeg,1024
test_folder/original\TXT\sport_38.txt,sport_38.txt,txt,txt,1024
test_folder/original\TXT\entertainment_22.txt,entertainment_22.txt,txt,txt,1024
test_folder/original\TXT\food_20.txt,food_20.txt,txt,txt,1024
test_folder/original\PNG\carsgraz_183.bmp,carsgraz_183.bmp,png,txt,1024
test_folder/original\PDF\ZWCWI7G7GYM3DHO2HOJBJRQNBG7GTV4C.pdf,ZWCWI7G7GYM3DHO2HOJBJRQNBG7GTV4C.pdf,pdf,pdf,1024
test_folder/original\TXT\technologie_74.txt,technologie_74.txt,txt,txt,1024
test_folder/original\PDF\3RFOUAJS2LT6ZCT3K6C2SXFMNCJHTP5Q.pdf,3RFOUAJS2LT6ZCT3K6C2SXFMNCJHTP5Q.pdf,pdf,pdf,1024
test_folder/original\PNG\0094.png,0094.png,png,png,1024
test_folder/original\PNG\cat.128.jpg,cat.128.jpg,png,jpeg,1024
test_folder/original\PNG\cat.64.jpg,cat.64.jpg,png,jpeg,1024
test_folder/original\PDF\VY63NSKASK2Y4IRQZDCRO3KL3N7QSD7K.pdf,VY63NSKASK2Y4IRQZDCRO3KL3N7QSD7K.pdf,pdf,pdf,1024
test_folder/original\PDF\XRB6BJ4SUI4BCJFSCPSBSJZGJQGAWI2A.pdf,XRB6BJ4SUI4BCJFSCPSBSJZGJQGAWI2A.pdf,pdf,pdf,1024
test_folder/original\PDF\4BYJ3SJ7LQLUQONSHK7CN7NJFWKW62CX.pdf,4BYJ3SJ7LQLUQONSHK7CN7NJFWKW62CX.pdf,pdf,pdf,1024
test_folder/original\PNG\bike_298.bmp,bike_298.bmp,png,txt,1024
test_folder/original\TXT\food_19.txt,food_19.txt,txt,txt,1024
test_folder/original\PNG\rider-93.jpg,rider-93.jpg,png,jpeg,1024
test_folder/original\TXT\business_98.txt,business_98.txt,txt,txt,1024
test_folder/original\PDF\KJJGH37ZCWZ4JWRQ46LKRMLAD7AZZUQX.pdf,KJJGH37ZCWZ4JWRQ46LKRMLAD7AZZUQX.pdf,pdf,pdf,1024
test_folder/original\PDF\QU4F5C3GPRUAV463D7PN5NXHKFCWJETA.pdf,QU4F5C3GPRUAV463D7PN5NXHKFCWJETA.pdf,pdf,pdf,1024
test_folder/original\PDF\65WL52OJL3MDCHS3SWEUYFWBO5W23F2M.pdf,65WL52OJL3MDCHS3SWEUYFWBO5W23F2M.pdf,pdf,pdf,1024
test_folder/original\PNG\dog.75.jpg,dog.75.jpg,png,jpeg,1024
test_folder/original\PNG\bike_165.bmp,bike_165.bmp,png,txt,1024
test_folder/original\PNG\dog.97.jpg,dog.97.jpg,png,jpeg,1024
test_folder/original\PDF\PKUP7YPNPYN6ZP26TRK25TL7U6WLNSGT.pdf,PKUP7YPNPYN6ZP26TRK25TL7U6WLNSGT.pdf,pdf,pdf,1024
test_folder/original\PDF\ZOSGUBBCKERLX4O7ASNWV3DLHDYOVOZ2.pdf,ZOSGUBBCKERLX4O7ASNWV3DLHDYOVOZ2.pdf,pdf,pdf,1024
test_folder/original\PNG\0130.png,0130.png,png,png,1024
test_folder/original\PNG\dog.68.jpg,dog.68.jpg,png,jpeg,1024
test_folder/original\PNG\0079.png,0079.png,png,png,1024
test_folder/original\TXT\food_46.txt,food_46.txt,txt,txt,875
test_folder/original\TXT\sport_21.txt,sport_21.txt,txt,txt,1024
test_folder/original\PDF\V5BPYCHUXYL6NY7HNB7SZHSWT7J7W6GC.pdf,V5BPYCHUXYL6NY7HNB7SZHSWT7J7W6GC.pdf,pdf,pdf,1024
test_folder/original\PDF\OGOIOJCYO3VA7JT3K5N3OVKM4PB2BF7K.pdf,OGOIOJCYO3VA7JT3K5N3OVKM4PB2BF7K.pdf,pdf,pdf,1024
test_folder/original\PNG\dog.41.jpg,dog.41.jpg,png,jpeg,1024
test_folder/original\TXT\graphics_97.txt,graphics_97.txt,txt,txt,1024
test_folder/original\TXT\historical_32.txt,historical_32.txt,txt,txt,1024
test_folder/original\PNG\bike_209.bmp,bike_209.bmp,png,txt,1024
test_folder/original\PNG\bike_339.bmp,bike_339.bmp,png,txt,1024
test_folder/original\PDF\OGSA4IWZYF53JIBKQTNJ66QCBGV7EKR7.pdf,OGSA4IWZYF53JIBKQTNJ66QCBGV7EKR7.pdf,pdf,pdf,1024
test_folder/original\PNG\rider-107.jpg,rider-107.jpg,png,jpeg,1024
test_folder/original\PDF\KVHILAJFL5JLBNQSY47V3U5QMWNYXI43.pdf,KVHILAJFL5JLBNQSY47V3U5QMWNYXI43.pdf,pdf,pdf,1024
test_folder/original\TXT\sport_29.txt,sport_29.txt,txt,txt,859
test_folder/original\PDF\T6UERWTWNYUVPT45YBOFTBSDVEH7SR2E.pdf,T6UERWTWNYUVPT45YBOFTBSDVEH7SR2E.pdf,pdf,pdf,1024
test_folder/original\PDF\BYVMYNJSMFL7V7VYYCQ566SBR2HTWF5C.pdf,BYVMYNJSMFL7V7VYYCQ566SBR2HTWF5C.pdf,pdf,pdf,1024
test_folder/original\PNG\0138.png,0138.png,png,png,1024
test_folder/original\PNG\0012.png,0012.png,png,png,1024
test_folder/original\TXT\food_98.txt,food_98.txt,txt,txt,1024
test_folder/original\PDF\fb8c6201bfd519374fe7aba9648e678df1b4492d.pdf,fb8c6201bfd519374fe7aba9648e678df1b4492d.pdf,pdf,pdf,1024
test_folder/original\PNG\rider-95.jpg,rider-95.jpg,png,jpeg,1024
test_folder/original\PNG\carsgraz_246.bmp,carsgraz_246.bmp,png,txt,1024
test_folder/original\PNG\0123.png,0123.png,png,png,1024
test_folder/original\PDF\DDGJRL6PYXQO6TAZCPOLGYTVVSIUFRWG.pdf,DDGJRL6PYXQO6TAZCPOLGYTVVSIUFRWG.pdf,pdf,pdf,1024
test_folder/original\PNG\dog.142.jpg,dog.142.jpg,png,jpeg,1024
test_folder/original\PNG\carsgraz_053.bmp,carsgraz_053.bmp,png,txt,1024
test_folder/original\PDF\RVF6AZOJLCDEWLY2UNGVFQ4PSVEQYAUH.pdf,RVF6AZOJLCDEWLY2UNGVFQ4PSVEQYAUH.pdf,pdf,pdf,1024
test_folder/original\PDF\3I3G2ZKLILXKCZTX77LVBWNF5IR2ZM7E.pdf,3I3G2ZKLILXKCZTX77LVBWNF5IR2ZM7E.pdf,pdf,pdf,1024
test_folder/original\PNG\carsgraz_099.bmp,carsgraz_099.bmp,png,txt,1024
test_folder/original\PDF\QRWUEJ3NLZCZOXL2HTG2KMRCA6O42IG5.pdf,QRWUEJ3NLZCZOXL2HTG2KMRCA6O42IG5.pdf,pdf,pdf,1024
test_folder/original\PNG\horse-96.jpg,horse-96.jpg,png,jpeg,1024
test_folder/original\PNG\cat.57.jpg,cat.57.jpg,png,jpeg,1024
test_folder/original\PNG\dog.194.jpg,dog.194.jpg,png,jpeg,1024
test_folder/original\PDF\Q2ZW5DLO3XURCC6GCJMZY6LZZQUDI4ON.pdf,Q2ZW5DLO3XURCC6GCJMZY6LZZQUDI4ON.pdf,pdf,pdf,1024
test_folder/original\PDF\YCENQ63SSTK57JODMEMYLIL2VE73QSQH.pdf,YCENQ63SSTK57JODMEMYLIL2VE73QSQH.pdf,pdf,pdf,1024
test_folder/original\TXT\space_2.txt,space_2.txt,txt,txt,531
test_folder/original\TXT\technologie_89.txt,technologie_89.txt,txt,txt,1024
test_folder/original\PNG\dog.60.jpg,dog.60.jpg,png,jpeg,1024
test_folder/original\PNG\horse-142.jpg,horse-142.jpg,png,jpeg,1024
test_folder/original\PDF\FP3RQFKAHYT65A4O7T2B526NDPVG7D7I.pdf,FP3RQFKAHYT65A4O7T2B526NDPVG7D7I.pdf,pdf,pdf,1024
test_folder/original\PDF\ESIAEQENN4LMSOASECP7GLHB4TQ6IDPB.pdf,ESIAEQENN4LMSOASECP7GLHB4TQ6IDPB.pdf,pdf,pdf,1024
test_folder/original\PDF\UCIKEOE37G6VMOPEL5X4QHEPAIQP6RJ4.pdf,UCIKEOE37G6VMOPEL5X4QHEPAIQP6RJ4.pdf,pdf,pdf,1024
test_folder/original\TXT\sport_82.txt,sport_82.txt,txt,txt,1024
test_folder/original\PNG\rider-180.jpg,rider-180.jpg,png,jpeg,1024
test_folder/original\TXT\historical_54.txt,historical_54.txt,txt,txt,1024
test_folder/original\TXT\historical_26.txt,historical_26.txt,txt,txt,517
test_folder/original\PNG\0045.png,0045.png,png,png,1024
test_folder/original\PNG\0166.png,0166.png,png,png,1024
test_folder/original\PDF\T7GYN5EOA7RVES22BVEIK24KNUZMNJDG.pdf,T7GYN5EOA7RVES22BVEIK24KNUZMNJDG.pdf,pdf,pdf,1024
test_folder/original\PDF\BNAB3PKSEPVY6LVEMD6PZQXWXMDDTQ7U.pdf,BNAB3PKSEPVY6LVEMD6PZQXWXMDDTQ7U.pdf,pdf,pdf,1024
test_folder/original\TXT\space_83.txt,space_83.txt,txt,txt,823
test_folder/original\PDF\IL4BFU54X4UZB6DS2IJYVXCTHBOEF7YZ.pdf,IL4BFU54X4UZB6DS2IJYVXCTHBOEF7YZ.pdf,pdf,pdf,1024
test_folder/original\PDF\X2T7N7IH7E45XFYXNJH5Q3AYJU4BEC57.pdf,X2T7N7IH7E45XFYXNJH5Q3AYJU4BEC57.pdf,pdf,pdf,1024
test_folder/original\PNG\rider-199.jpg,rider-199.jpg,png,jpeg,1024
test_folder/original\PDF\EI4NKIFHUUATUUEER4SDXP6EZNJK7GQH.pdf,EI4NKIFHUUATUUEER4SDXP6EZNJK7GQH.pdf,pdf,pdf,1024
test_folder/original\PDF\OOCZ65LSQNV54SSBIQ5C2LVLOZNKUXH3.pdf,OOCZ65LSQNV54SSBIQ5C2LVLOZNKUXH3.pdf,pdf,pdf,1024
test_folder/original\PDF\SW6G4QILYS7QYXXVHMGTCXFHYU2QHV6Z.pdf,SW6G4QILYS7QYXXVHMGTCXFHYU2QHV6Z.pdf,pdf,pdf,1024
test_folder/original\PNG\rider-177.jpg,rider-177.jpg,png,jpeg,1024
test_folder/original\PNG\dog.45.jpg,dog.45.jpg,png,jpeg,1024
test_folder/original\PNG\rider-47.jpg,rider-47.jpg,png,jpeg,1024
test_folder/original\PNG\dog.57.jpg,dog.57.jpg,png,jpeg,1024
test_folder/original\PDF\7DHC66NNE4RHBN7MNVPKSCN6E2GFRS2Z.pdf,7DHC66NNE4RHBN7MNVPKSCN6E2GFRS2Z.pdf,pdf,pdf,1024
test_folder/original\PNG\carsgraz_375.bmp,carsgraz_375.bmp,png,txt,1024
test_folder/original\PNG\dog.158.jpg,dog.158.jpg,png,jpeg,1024
test_folder/original\TXT\entertainment_95.txt,entertainment_95.txt,txt,txt,1024
test_folder/original\TXT\medical_384.txt,medical_384.txt,txt,txt,586
test_folder/original\TXT\politics_329.txt,politics_329.txt,txt,txt,936
test_folder/original\TXT\sport_13.txt,sport_13.txt,txt,txt,1024
test_folder/original\PNG\cat.88.jpg,cat.88.jpg,png,jpeg,1024
test_folder/original\PNG\0090.png,0090.png,png,png,1024
test_folder/original\PDF\L3YHCAZRLQVYA7O4G6SG5BQHUREJTYQO.pdf,L3YHCAZRLQVYA7O4G6SG5BQHUREJTYQO.pdf,pdf,pdf,1024
test_folder/original\TXT\food_86.txt,food_86.txt,txt,txt,1024
test_folder/original\PDF\7CIFOV7XZXS6EHUFYZF6H3NCN637PI2M.pdf,7CIFOV7XZXS6EHUFYZF6H3NCN637PI2M.pdf,pdf,pdf,1024
test_folder/original\PNG\cat.53.jpg,cat.53.jpg,png,jpeg,1024
test_folder/original\TXT\sport_31.txt,sport_31.txt,txt,txt,840
test_folder/original\PDF\9022c3a507bbfa1e98daeffd0f70f128f19746d3.pdf,9022c3a507bbfa1e98daeffd0f70f128f19746d3.pdf,pdf,pdf,1024
test_folder/original\PNG\0195.png,0195.png,png,png,1024
test_folder/original\PDF\SA3EKMNRN4KHJYVMDDBOUIQTZIV3ZVJH.pdf,SA3EKMNRN4KHJYVMDDBOUIQTZIV3ZVJH.pdf,pdf,pdf,1024
test_folder/original\PDF\FINT6YKQ6HZIF4FG6472FBR4EVTNCZYZ.pdf,FINT6YKQ6HZIF4FG6472FBR4EVTNCZYZ.pdf,pdf,pdf,1024
test_folder/original\PNG\carsgraz_297.bmp,carsgraz_297.bmp,png,txt,1024
test_folder/original\PDF\ROFAK5ST6GGKDWOVZ4YC6QI5GYOJBO4I.pdf,ROFAK5ST6GGKDWOVZ4YC6QI5GYOJBO4I.pdf,pdf,pdf,1024
test_folder/original\PDF\SH2IQH724IFKG2K3GQ7RCDJ6Q7IJQLGE.pdf,SH2IQH724IFKG2K3GQ7RCDJ6Q7IJQLGE.pdf,pdf,pdf,1024
test_folder/original\PNG\rider-123.jpg,rider-123.jpg,png,jpeg,1024
test_folder/original\TXT\business_58.txt,business_58.txt,txt,txt,1024
test_folder/original\PNG\bike_271.bmp,bike_271.bmp,png,txt,1024
test_folder/original\PNG\bike_190.bmp,bike_190.bmp,png,txt,1024
test_folder/original\PNG\0046.png,0046.png,png,png,1024
test_folder/original\PNG\cat.60.jpg,cat.60.jpg,png,jpeg,1024
test_folder/original\PDF\ELS4P7L7AQO4WFSJVMCLQZ4HLOQIHFZU.pdf,ELS4P7L7AQO4WFSJVMCLQZ4HLOQIHFZU.pdf,pdf,pdf,1024
test_folder/original\PNG\bike_295.bmp,bike_295.bmp,png,txt,1024
test_folder/original\PNG\cat.102.jpg,cat.102.jpg,png,jpeg,1024
test_folder/original\TXT\food_47.txt,food_47.txt,txt,txt,1024
test_folder/original\PNG\dog.52.jpg,dog.52.jpg,png,jpeg,1024
test_folder/original\TXT\historical_31.txt,historical_31.txt,txt,txt,1024
test_folder/original\PDF\FVIKHA7GEB6QLKRNAPQD63GXPARVH3KX.pdf,FVIKHA7GEB6QLKRNAPQD63GXPARVH3KX.pdf,pdf,pdf,1024
test_folder/original\PNG\carsgraz_327.bmp,carsgraz_327.bmp,png,txt,1024
test_folder/original\PNG\bike_210.bmp,bike_210.bmp,png,txt,1024
test_folder/original\PNG\dog.186.jpg,dog.186.jpg,png,jpeg,1024
test_folder/original\PNG\bike_232.bmp,bike_232.bmp,png,txt,1024
test_folder/original\PNG\cat.73.jpg,cat.73.jpg,png,jpeg,1024
test_folder/original\TXT\sport_68.txt,sport_68.txt,txt,txt,1024
test_folder/original\TXT\politics_153.txt,politics_153.txt,txt,txt,1024
test_folder/original\PDF\HGB546MCYLA3JJLIKLP5WGEFY6DUY5ML.pdf,HGB546MCYLA3JJLIKLP5WGEFY6DUY5ML.pdf,pdf,pdf,1024
test_folder/original\PDF\D4BBBAV5MEXMP4EU2KX7JTF4DFORZHZO.pdf,D4BBBAV5MEXMP4EU2KX7JTF4DFORZHZO.pdf,pdf,pdf,1024
test_folder/original\PNG\bike_188.bmp,bike_188.bmp,png,txt,1024
test_folder/original\PDF\KBEV4F2NJWE2NHI6CMYRY5GAXEJ3N7QD.pdf,KBEV4F2NJWE2NHI6CMYRY5GAXEJ3N7QD.pdf,pdf,pdf,1024
test_folder/original\TXT\food_8.txt,food_8.txt,txt,txt,1024
test_folder/original\PDF\YFSVOALMVRC2URFKF2QD22YBH4PVS3BG.pdf,YFSVOALMVRC2URFKF2QD22YBH4PVS3BG.pdf,pdf,pdf,1024
test_folder/original\PDF\YPJGTPONABVA34PNQIGXTGYHOH4IIROZ.pdf,YPJGTPONABVA34PNQIGXTGYHOH4IIROZ.pdf,pdf,pdf,1024
test_folder/original\TXT\entertainment_43.txt,entertainment_43.txt,txt,txt,1024
test_folder/original\PNG\carsgraz_062.bmp,carsgraz_062.bmp,png,txt,1024
test_folder/original\PNG\0044.png,0044.png,png,png,1024
test_folder/original\PNG\cat.48.jpg,cat.48.jpg,png,jpeg,1024
test_folder/original\PNG\rider-127.jpg,rider-127.jpg,png,jpeg,1024
test_folder/original\PNG\horse-190.jpg,horse-190.jpg,png,jpeg,1024
test_folder/original\PNG\horse-75.jpg,horse-75.jpg,png,jpeg,1024
test_folder/original\PNG\carsgraz_236.bmp,carsgraz_236.bmp,png,txt,1024
test_folder/original\PNG\horse-5.jpg,horse-5.jpg,png,jpeg,1024
test_folder/original\TXT\food_89.txt,food_89.txt,txt,txt,1024
test_folder/original\PNG\dog.152.jpg,dog.152.jpg,png,jpeg,1024
test_folder/original\PNG\dog.2.jpg,dog.2.jpg,png,jpeg,1024
test_folder/original\PNG\cat.126.jpg,cat.126.jpg,png,jpeg,1024
test_folder/original\PDF\POX3CR2EUHMC7IPGDNEHNTQOAV2ZQLHR.pdf,POX3CR2EUHMC7IPGDNEHNTQOAV2ZQLHR.pdf,pdf,pdf,1024
test_folder/original\PNG\0197.png,0197.png,png,png,1024
test_folder/original\PDF\P75PT46UN56V2ZSIQXVOXK4ILE4ZLOSZ.pdf,P75PT46UN56V2ZSIQXVOXK4ILE4ZLOSZ.pdf,pdf,pdf,1024
test_folder/original\PNG\dog.5.jpg,dog.5.jpg,png,jpeg,1024
test_folder/original\PNG\0160.png,0160.png,png,png,1024
test_folder/original\PDF\TZSZSGZVI7P44AUKHWEPGY3OVXOFWVPW.pdf,TZSZSGZVI7P44AUKHWEPGY3OVXOFWVPW.pdf,pdf,pdf,1024
test_folder/original\PNG\dog.99.jpg,dog.99.jpg,png,jpeg,1024
test_folder/original\PNG\0102.png,0102.png,png,png,1024
test_folder/original\PDF\DXPFLLZRFX6PVX7MBUEEPEVO6AJTVUDR.pdf,DXPFLLZRFX6PVX7MBUEEPEVO6AJTVUDR.pdf,pdf,pdf,1024
test_folder/original\PNG\cat.160.jpg,cat.160.jpg,png,jpeg,1024
test_folder/original\PNG\cat.196.jpg,cat.196.jpg,png,jpeg,1024
test_folder/original\PNG\rider-48.jpg,rider-48.jpg,png,jpeg,1024
test_folder/original\PDF\PBRTEXYSUIMW5CIBMCG6PETQ5MICKEQH.pdf,PBRTEXYSUIMW5CIBMCG6PETQ5MICKEQH.pdf,pdf,pdf,1024
test_folder/original\PNG\horse-4.jpg,horse-4.jpg,png,jpeg,1024
test_folder/original\PNG\horse-175.jpg,horse-175.jpg,png,jpeg,1024
test_folder/original\PNG\0050.png,0050.png,png,png,1024
test_folder/original\PDF\IOU2IMTASMHXQWTXMFXUBR2DC2YAQG3W.pdf,IOU2IMTASMHXQWTXMFXUBR2DC2YAQG3W.pdf,pdf,pdf,1024
test_folder/original\PNG\0169.png,0169.png,png,png,1024
test_folder/original\PDF\DR44GMFR57CROQCOUET6BVBGBYZW5HJ5.pdf,DR44GMFR57CROQCOUET6BVBGBYZW5HJ5.pdf,pdf,pdf,1024
test_folder/original\PDF\3OHZBJVNLM4IAL6GLY3AKUQIVCNLPJLO.pdf,3OHZBJVNLM4IAL6GLY3AKUQIVCNLPJLO.pdf,pdf,pdf,1024
test_folder/original\PNG\0058.png,0058.png,png,png,1024
test_folder/original\PNG\rider-114.jpg,rider-114.jpg,png,jpeg,1024
test_folder/original\PNG\0010.png,0010.png,png,png,1024
test_folder/original\PNG\horse-128.jpg,horse-128.jpg,png,jpeg,1024
test_folder/original\PNG\cat.117.jpg,cat.117.jpg,png,jpeg,1024
test_folder/original\PNG\horse-59.jpg,horse-59.jpg,png,jpeg,1024
test_folder/original\PNG\rider-74.jpg,rider-74.jpg,png,jpeg,1024
test_folder/original\PDF\O5D34KMZVR5GAJPGEGG4LGZ547SRHJJC.pdf,O5D34KMZVR5GAJPGEGG4LGZ547SRHJJC.pdf,pdf,pdf,1024
test_folder/original\PDF\EB5EKLJTJ5IL53O7YP2A2VW7APCINGBK.pdf,EB5EKLJTJ5IL53O7YP2A2VW7APCINGBK.pdf,pdf,pdf,1024
test_folder/original\PDF\O6K6RC2TPUGKD4NJLXH6KUVRELRT5PWG.pdf,O6K6RC2TPUGKD4NJLXH6KUVRELRT5PWG.pdf,pdf,pdf,1024
test_folder/original\PDF\9c4d24605c30d02dcb31fb1cdaa442201d5f00bd.pdf,9c4d24605c30d02dcb31fb1cdaa442201d5f00bd.pdf,pdf,pdf,1024
test_folder/original\PNG\cat.105.jpg,cat.105.jpg,png,jpeg,1024
test_folder/original\PNG\cat.142.jpg,cat.142.jpg,png,jpeg,1024
test_folder/original\PNG\rider-50.jpg,rider-50.jpg,png,jpeg,1024
test_folder/original\PNG\0054.png,0054.png,png,png,1024
test_folder/original\PDF\C4C7ZVBASMN3KJOSFYD7Z6OSJZ2VL6SO.pdf,C4C7ZVBASMN3KJOSFYD7Z6OSJZ2VL6SO.pdf,pdf,pdf,1024
test_folder/original\PDF\O7L5CYQXFDOBSVKIJYAENIFCV6NZK7CG.pdf,O7L5CYQXFDOBSVKIJYAENIFCV6NZK7CG.pdf,pdf,pdf,1024
test_folder/original\PNG\0110.png,0110.png,png,png,1024
test_folder/original\PDF\2ED27NR7CISW7J4PHXXBZ6OFPVDFHMFB.pdf,2ED27NR7CISW7J4PHXXBZ6OFPVDFHMFB.pdf,pdf,pdf,1024
test_folder/original\PDF\BFWOETAIBXJQILXW3TFPQFSKPR726RJ5.pdf,BFWOETAIBXJQILXW3TFPQFSKPR726RJ5.pdf,pdf,pdf,1024
test_folder/original\PNG\dog.151.jpg,dog.151.jpg,png,jpeg,1024
test_folder/original\PNG\dog.135.jpg,dog.135.jpg,png,jpeg,1024
test_folder/original\PDF\BCUX3MK6IP7A6DWNH2ORKIO2PECOXJDO.pdf,BCUX3MK6IP7A6DWNH2ORKIO2PECOXJDO.pdf,pdf,pdf,1024
test_folder/original\PDF\NHPAWYG2Y5MGFTUYVSJKJUDJ45RFRQWJ.pdf,NHPAWYG2Y5MGFTUYVSJKJUDJ45RFRQWJ.pdf,pdf,pdf,1024
test_folder/original\PNG\0196.png,0196.png,png,png,1024
test_folder/original\PDF\K7W2OAWSV6AHYASOUV4LTOEUEIFNTE6D.pdf,K7W2OAWSV6AHYASOUV4LTOEUEIFNTE6D.pdf,pdf,pdf,1024
test_folder/original\PDF\DTMCZXA4EUHAELLHVHGOH573C4OZ7KM4.pdf,DTMCZXA4EUHAELLHVHGOH573C4OZ7KM4.pdf,pdf,pdf,1024
test_folder/original\PNG\0129.png,0129.png,png,png,1024
test_folder/original\PNG\rider-31.jpg,rider-31.jpg,png,jpeg,1024
test_folder/original\PNG\rider-130.jpg,rider-130.jpg,png,jpeg,1024
test_folder/original\PDF\642c5aed3f342a15e2ae287d5350a5735bae9ebc.pdf,642c5aed3f342a15e2ae287d5350a5735bae9ebc.pdf,pdf,pdf,1024
test_folder/original\PDF\RJDPY3BZNDDW3TTJUKWZULNVI6JFGCNP.pdf,RJDPY3BZNDDW3TTJUKWZULNVI6JFGCNP.pdf,pdf,pdf,1024
test_folder/original\PDF\76P47DRTKG4I3M56ZPDSWTVW4AC37RWI.pdf,76P47DRTKG4I3M56ZPDSWTVW4AC37RWI.pdf,pdf,pdf,1024
test_folder/original\PNG\horse-147.jpg,horse-147.jpg,png,jpeg,1024
test_folder/original\PNG\dog.89.jpg,dog.89.jpg,png,jpeg,1024
test_folder/original\PNG\horse-107.jpg,horse-107.jpg,png,jpeg,1024
test_folder/original\PDF\2KPPNYIT75S3H25JKEWTMQ7WRNCCTMJM.pdf,2KPPNYIT75S3H25JKEWTMQ7WRNCCTMJM.pdf,pdf,pdf,1024
test_folder/original\PDF\NIHJBZJN6CKQUFWO67737BIBQUECGZYM.pdf,NIHJBZJN6CKQUFWO67737BIBQUECGZYM.pdf,pdf,pdf,1024
test_folder/original\PDF\HPXULDFI3DAZ3V2NZOHYUGUY5SLS4AHU.pdf,HPXULDFI3DAZ3V2NZOHYUGUY5SLS4AHU.pdf,pdf,pdf,1024
test_folder/original\PNG\dog.190.jpg,dog.190.jpg,png,jpeg,1024
test_folder/original\PDF\WPMW6LHFZX2C5ZMPDSVYP7FF7GTOL6QO.pdf,WPMW6LHFZX2C5ZMPDSVYP7FF7GTOL6QO.pdf,pdf,pdf,1024
test_folder/original\PNG\0203.png,0203.png,png,png,1024
test_folder/original\PDF\536b64435024c919d6b4c3f5819a889d0607f349 (1).pdf,536b64435024c919d6b4c3f5819a889d0607f349 (1).pdf,pdf,pdf,1024
test_folder/original\PNG\dog.146.jpg,dog.146.jpg,png,jpeg,1024
test_folder/original\PDF\HSZJLPQSI6NJU2NBWZWZY2CHBUKDXG2M.pdf,HSZJLPQSI6NJU2NBWZWZY2CHBUKDXG2M.pdf,pdf,pdf,1024
test_folder/original\PDF\ILRVVACIV2JDSO4LHLATCOCKSEQYZCMZ.pdf,ILRVVACIV2JDSO4LHLATCOCKSEQYZCMZ.pdf,pdf,pdf,1024
test_folder/original\PDF\IEAJEYOK5ACMQUZGX7QDHS7ZR6XXSVYV.pdf,IEAJEYOK5ACMQUZGX7QDHS7ZR6XXSVYV.pdf,pdf,pdf,1024
test_folder/original\PNG\horse-186.jpg,horse-186.jpg,png,jpeg,1024
test_folder/original\PDF\YMIVA7BMYFO2CPSIOO7XA2XMMGNCOOEP.pdf,YMIVA7BMYFO2CPSIOO7XA2XMMGNCOOEP.pdf,pdf,pdf,1024
test_folder/original\PNG\cat.167.jpg,cat.167.jpg,png,jpeg,1024
test_folder/original\PNG\rider-97.jpg,rider-97.jpg,png,jpeg,1024
test_folder/original\PDF\HHG5MLUR5GQ5MO622QRT7XNQRXCML7YP.pdf,HHG5MLUR5GQ5MO622QRT7XNQRXCML7YP.pdf,pdf,pdf,1024
test_folder/original\PDF\GF4OGED6DIFR5WHABHTLSTFV7656GKN3.pdf,GF4OGED6DIFR5WHABHTLSTFV7656GKN3.pdf,pdf,pdf,1024
test_folder/original\PNG\0148.png,0148.png,png,png,1024
test_folder/original\PDF\5F7F36M3NZCHDTIFIVI5JQRBDYNY6KJL.pdf,5F7F36M3NZCHDTIFIVI5JQRBDYNY6KJL.pdf,pdf,pdf,1024
test_folder/original\PDF\O4BQRWPCNHJGJHA76LLVENRVKSDRAWSR.pdf,O4BQRWPCNHJGJHA76LLVENRVKSDRAWSR.pdf,pdf,pdf,1024
test_folder/original\PNG\0167.png,0167.png,png,png,1024
test_folder/original\PDF\6fb1b50dc88bf6c0bb775bf32a6b678b4a558c69.pdf,6fb1b50dc88bf6c0bb775bf32a6b678b4a558c69.pdf,pdf,pdf,1024
test_folder/original\PDF\YV3RJXNXP6ZR6V2SSVVQJWYAHBZSZ3GQ.pdf,YV3RJXNXP6ZR6V2SSVVQJWYAHBZSZ3GQ.pdf,pdf,pdf,1024
test_folder/original\PDF\SQLC3S4MW5EPXOWILIWFDKDOYRHJ5CK2.pdf,SQLC3S4MW5EPXOWILIWFDKDOYRHJ5CK2.pdf,pdf,pdf,1024
test_folder/original\PNG\horse-139.jpg,horse-139.jpg,png,jpeg,1024
test_folder/original\PNG\cat.15.jpg,cat.15.jpg,png,jpeg,1024
test_folder/original\PNG\rider-29.jpg,rider-29.jpg,png,jpeg,1024
test_folder/original\PNG\0091.png,0091.png,png,png,1024
test_folder/original\PDF\AMTYOKGXFE7QNNQKJ73HZRLDKD3CSQW2.pdf,AMTYOKGXFE7QNNQKJ73HZRLDKD3CSQW2.pdf,pdf,pdf,1024
test_folder/original\PNG\rider-132.jpg,rider-132.jpg,png,jpeg,1024
test_folder/original\PDF\9a88dbee11432f3b74011df8eeab1943959dbb20.pdf,9a88dbee11432f3b74011df8eeab1943959dbb20.pdf,pdf,pdf,1024
test_folder/original\PNG\horse-42.jpg,horse-42.jpg,png,jpeg,1024
test_folder/original\PDF\T7NO5D5YLX4V5I7FBDQDAIXPBCLNAO7X.pdf,T7NO5D5YLX4V5I7FBDQDAIXPBCLNAO7X.pdf,pdf,pdf,1024
test_folder/original\PDF\KMELIR3DJDUFB52NSPC42LSIU6OOD77U.pdf,KMELIR3DJDUFB52NSPC42LSIU6OOD77U.pdf,pdf,pdf,1024
test_folder/original\PNG\0002.png,0002.png,png,png,1024
test_folder/original\PDF\D2QRZ66KOQHV23ZCW3XLS27YON4ATGCT.pdf,D2QRZ66KOQHV23ZCW3XLS27YON4ATGCT.pdf,pdf,pdf,1024
test_folder/original\PNG\horse-109.jpg,horse-109.jpg,png,jpeg,1024
test_folder/original\PDF\CFE2FFPB3TDJ3H3QARTMXDZMY5KWEXF5.pdf,CFE2FFPB3TDJ3H3QARTMXDZMY5KWEXF5.pdf,pdf,pdf,1024
test_folder/original\PDF\D45G6SVN7QZSMYJOJGWLKE3MJ6DHTYY5.pdf,D45G6SVN7QZSMYJOJGWLKE3MJ6DHTYY5.pdf,pdf,pdf,1024
test_folder/original\PDF\UHB2FR7SVNEMVG7ILGEDDB27TN3D4VF6.pdf,UHB2FR7SVNEMVG7ILGEDDB27TN3D4VF6.pdf,pdf,pdf,1024
test_folder/original\PNG\rider-112.jpg,rider-112.jpg,png,jpeg,1024
test_folder/original\PNG\cat.181.jpg,cat.181.jpg,png,jpeg,1024
test_folder/original\PNG\cat.58.jpg,cat.58.jpg,png,jpeg,1024
test_folder/original\PNG\0112.png,0112.png,png,png,1024
test_folder/original\PNG\dog.108.jpg,dog.108.jpg,png,jpeg,1024
test_folder/original\PNG\horse-187.jpg,horse-187.jpg,png,jpeg,1024
test_folder/original\PNG\0161.png,0161.png,png,png,1024
test_folder/original\PNG\horse-197.jpg,horse-197.jpg,png,jpeg,1024
test_folder/original\PNG\cat.56.jpg,cat.56.jpg,png,jpeg,1024
test_folder/original\PNG\horse-163.jpg,horse-163.jpg,png,jpeg,1024
test_folder/original\PNG\rider-54.jpg,rider-54.jpg,png,jpeg,1024
test_folder/original\PNG\horse-52.jpg,horse-52.jpg,png,jpeg,1024
test_folder/original\PNG\0086.png,0086.png,png,png,1024
test_folder/original\PNG\dog.119.jpg,dog.119.jpg,png,jpeg,1024
test_folder/original\PNG\rider-76.jpg,rider-76.jpg,png,jpeg,1024
test_folder/original\PNG\dog.67.jpg,dog.67.jpg,png,jpeg,1024
test_folder/original\PNG\cat.86.jpg,cat.86.jpg,png,jpeg,1024
test_folder/original\PNG\horse-14.jpg,horse-14.jpg,png,jpeg,1024
test_folder/original\PNG\0016.png,0016.png,png,png,1024
test_folder/original\PNG\cat.166.jpg,cat.166.jpg,png,jpeg,1024
test_folder/original\PNG\rider-190.jpg,rider-190.jpg,png,jpeg,1024
test_folder/original\PNG\dog.69.jpg,dog.69.jpg,png,jpeg,1024
test_folder/original\PNG\0116.png,0116.png,png,png,1024
test_folder/original\PNG\cat.49.jpg,cat.49.jpg,png,jpeg,1024
test_folder/original\PNG\cat.125.jpg,cat.125.jpg,png,jpeg,1024
test_folder/original\PNG\rider-57.jpg,rider-57.jpg,png,jpeg,1024
test_folder/original\PNG\0173.png,0173.png,png,png,1024
test_folder/original\PNG\horse-113.jpg,horse-113.jpg,png,jpeg,1024
test_folder/original\PNG\dog.43.jpg,dog.43.jpg,png,jpeg,1024
test_folder/original\PNG\dog.141.jpg,dog.141.jpg,png,jpeg,1024
test_folder/original\PNG\dog.40.jpg,dog.40.jpg,png,jpeg,1024
test_folder/original\PNG\horse-82.jpg,horse-82.jpg,png,jpeg,1024
test_folder/original\PNG\dog.174.jpg,dog.174.jpg,png,jpeg,1024
test_folder/original\PNG\0096.png,0096.png,png,png,1024
test_folder/original\PNG\rider-40.jpg,rider-40.jpg,png,jpeg,1024
test_folder/original\PNG\cat.7.jpg,cat.7.jpg,png,jpeg,1024
test_folder/original\PNG\horse-7.jpg,horse-7.jpg,png,jpeg,1024
test_folder/original\PNG\dog.131.jpg,dog.131.jpg,png,jpeg,1024
test_folder/original\PNG\dog.133.jpg,dog.133.jpg,png,jpeg,1024
test_folder/original\PNG\horse-177.jpg,horse-177.jpg,png,jpeg,1024
test_folder/original\PNG\0081.png,0081.png,png,png,1024
test_folder/original\PNG\dog.7.jpg,dog.7.jpg,png,jpeg,1024
test_folder/original\PNG\cat.45.jpg,cat.45.jpg,png,jpeg,1024
test_folder/original\PNG\0095.png,0095.png,png,png,1024
test_folder/original\PNG\dog.93.jpg,dog.93.jpg,png,jpeg,1024
test_folder/original\PNG\cat.62.jpg,cat.62.jpg,png,jpeg,1024
test_folder/original\PNG\dog.124.jpg,dog.124.jpg,png,jpeg,1024
test_folder/original\PNG\0067.png,0067.png,png,png,1024
test_folder/original\PNG\cat.136.jpg,cat.136.jpg,png,jpeg,1024
test_folder/original\PNG\dog.91.jpg,dog.91.jpg,png,jpeg,1024
test_folder/original\PNG\cat.1.jpg,cat.1.jpg,png,jpeg,1024
test_folder/original\PNG\rider-7.jpg,rider-7.jpg,png,jpeg,1024
test_folder/original\PNG\horse-201.jpg,horse-201.jpg,png,jpeg,1024
test_folder/original\PNG\rider-113.jpg,rider-113.jpg,png,jpeg,1024
test_folder/original\PNG\rider-168.jpg,rider-168.jpg,png,jpeg,1024
test_folder/original\PNG\cat.100.jpg,cat.100.jpg,png,jpeg,1024
test_folder/original\PNG\cat.202.jpg,cat.202.jpg,png,jpeg,1024
test_folder/original\PNG\0075.png,0075.png,png,png,1024
test_folder/original\PNG\dog.123.jpg,dog.123.jpg,png,jpeg,1024
test_folder/original\PNG\horse-47.jpg,horse-47.jpg,png,jpeg,1024
test_folder/original\PNG\rider-158.jpg,rider-158.jpg,png,jpeg,1024
test_folder/original\PNG\0101.png,0101.png,png,png,1024
test_folder/original\PNG\dog.35.jpg,dog.35.jpg,png,jpeg,1024
test_folder/original\PNG\0036.png,0036.png,png,png,1024
test_folder/original\PNG\rider-88.jpg,rider-88.jpg,png,jpeg,1024
test_folder/original\PNG\cat.35.jpg,cat.35.jpg,png,jpeg,1024
test_folder/original\PNG\cat.138.jpg,cat.138.jpg,png,jpeg,1024
test_folder/original\PNG\0121.png,0121.png,png,png,1024
test_folder/original\PNG\cat.30.jpg,cat.30.jpg,png,jpeg,1024
test_folder/original\PNG\horse-93.jpg,horse-93.jpg,png,jpeg,1024
test_folder/original\PNG\horse-192.jpg,horse-192.jpg,png,jpeg,1024
test_folder/original\PNG\cat.163.jpg,cat.163.jpg,png,jpeg,1024
test_folder/original\PNG\dog.96.jpg,dog.96.jpg,png,jpeg,1024
test_folder/original\PNG\rider-169.jpg,rider-169.jpg,png,jpeg,1024
test_folder/original\PNG\cat.148.jpg,cat.148.jpg,png,jpeg,1024
test_folder/original\PNG\cat.187.jpg,cat.187.jpg,png,jpeg,1024
test_folder/original\PNG\cat.25.jpg,cat.25.jpg,png,jpeg,1024
test_folder/original\PNG\cat.112.jpg,cat.112.jpg,png,jpeg,1024
test_folder/original\PNG\horse-129.jpg,horse-129.jpg,png,jpeg,1024
test_folder/original\PNG\horse-99.jpg,horse-99.jpg,png,jpeg,1024
test_folder/original\PNG\cat.13.jpg,cat.13.jpg,png,jpeg,1024
test_folder/original\PNG\dog.183.jpg,dog.183.jpg,png,jpeg,1024
test_folder/original\PNG\cat.11.jpg,cat.11.jpg,png,jpeg,1024
test_folder/original\PNG\cat.122.jpg,cat.122.jpg,png,jpeg,1024
test_folder/original\PNG\dog.14.jpg,dog.14.jpg,png,jpeg,1024
test_folder/original\PNG\0027.png,0027.png,png,png,1024
test_folder/original\PNG\dog.178.jpg,dog.178.jpg,png,jpeg,1024
test_folder/original\PNG\cat.193.jpg,cat.193.jpg,png,jpeg,1024
test_folder/original\PNG\0072.png,0072.png,png,png,1024
test_folder/original\PNG\0020.png,0020.png,png,png,1024
test_folder/original\PNG\0025.png,0025.png,png,png,1024
test_folder/original\PNG\horse-166.jpg,horse-166.jpg,png,jpeg,1024
test_folder/original\PNG\rider-139.jpg,rider-139.jpg,png,jpeg,1024
test_folder/original\PNG\rider-69.jpg,rider-69.jpg,png,jpeg,1024
test_folder/original\PNG\rider-68.jpg,rider-68.jpg,png,jpeg,1024
test_folder/original\PNG\rider-184.jpg,rider-184.jpg,png,jpeg,1024
test_folder/original\PNG\0040.png,0040.png,png,png,1024
test_folder/original\PNG\rider-44.jpg,rider-44.jpg,png,jpeg,1024
test_folder/original\PNG\0015.png,0015.png,png,png,1024
test_folder/original\PNG\horse-170.jpg,horse-170.jpg,png,jpeg,1024
test_folder/original\PNG\horse-24.jpg,horse-24.jpg,png,jpeg,1024
test_folder/original\PNG\rider-104.jpg,rider-104.jpg,png,jpeg,1024
test_folder/original\PNG\horse-123.jpg,horse-123.jpg,png,jpeg,1024
test_folder/original\PNG\rider-20.jpg,rider-20.jpg,png,jpeg,1024
test_folder/original\PNG\rider-103.jpg,rider-103.jpg,png,jpeg,1024
test_folder/original\PNG\cat.165.jpg,cat.165.jpg,png,jpeg,1024
test_folder/original\PNG\0074.png,0074.png,png,png,1024
test_folder/original\PNG\0069.png,0069.png,png,png,1024
test_folder/original\PNG\0064.png,0064.png,png,png,1024
test_folder/original\PNG\dog.110.jpg,dog.110.jpg,png,jpeg,1024
test_folder/original\PNG\horse-127.jpg,horse-127.jpg,png,jpeg,1024
test_folder/original\PNG\0051.png,0051.png,png,png,1024
test_folder/original\PNG\0174.png,0174.png,png,png,1024
test_folder/original\PNG\cat.31.jpg,cat.31.jpg,png,jpeg,1024
test_folder/original\PNG\cat.120.jpg,cat.120.jpg,png,jpeg,1024
test_folder/original\PNG\dog.122.jpg,dog.122.jpg,png,jpeg,1024
test_folder/original\PNG\0097.png,0097.png,png,png,1024
test_folder/original\PNG\rider-198.jpg,rider-198.jpg,png,jpeg,1024
test_folder/original\PNG\0109.png,0109.png,png,png,1024
test_folder/original\PNG\dog.81.jpg,dog.81.jpg,png,jpeg,1024
test_folder/original\PNG\rider-138.jpg,rider-138.jpg,png,jpeg,1024
test_folder/original\PNG\cat.82.jpg,cat.82.jpg,png,jpeg,1024
test_folder/original\PNG\rider-181.jpg,rider-181.jpg,png,jpeg,1024
test_folder/original\PNG\dog.173.jpg,dog.173.jpg,png,jpeg,1024
test_folder/original\PNG\cat.55.jpg,cat.55.jpg,png,jpeg,1024
test_folder/original\PNG\cat.80.jpg,cat.80.jpg,png,jpeg,1024
test_folder/original\PNG\cat.119.jpg,cat.119.jpg,png,jpeg,1024
test_folder/original\PNG\dog.155.jpg,dog.155.jpg,png,jpeg,1024
test_folder/original\PNG\0149.png,0149.png,png,png,1024
test_folder/original\PNG\rider-73.jpg,rider-73.jpg,png,jpeg,1024
test_folder/original\PNG\horse-57.jpg,horse-57.jpg,png,jpeg,1024
test_folder/original\PNG\rider-33.jpg,rider-33.jpg,png,jpeg,1024
test_folder/original\PNG\0183.png,0183.png,png,png,1024
test_folder/original\PNG\0158.png,0158.png,png,png,1024
test_folder/original\PNG\0180.png,0180.png,png,png,1024
test_folder/original\PNG\0205.png,0205.png,png,png,1024
test_folder/original\PNG\0011.png,0011.png,png,png,1024
test_folder/original\PNG\0009.png,0009.png,png,png,1024
test_folder/original\PNG\0190.png,0190.png,png,png,1024
test_folder/original\PNG\0151.png,0151.png,png,png,1024
test_folder/original\PNG\0179.png,0179.png,png,png,1024
test_folder/original\PNG\0114.png,0114.png,png,png,1024
test_folder/original\PNG\0132.png,0132.png,png,png,1024
test_folder/original\PNG\0070.png,0070.png,png,png,1024
test_folder/original\PNG\0124.png,0124.png,png,png,1024
test_folder/original\PNG\0172.png,0172.png,png,png,1024
test_folder/original\PNG\0103.png,0103.png,png,png,1024
test_folder/original\PNG\0037.png,0037.png,png,png,1024
test_folder/original\PNG\0115.png,0115.png,png,png,1024
test_folder/original\PNG\0135.png,0135.png,png,png,1024
test_folder/original\PNG\0192.png,0192.png,png,png,1024
test_folder/original\PNG\0206.png,0206.png,png,png,1024
test_folder/original\PNG\0107.png,0107.png,png,png,1024
test_folder/original\PNG\0191.png,0191.png,png,png,1024
test_folder/original\PNG\0049.png,0049.png,png,png,1024
test_folder/original\PNG\0150.png,0150.png,png,png,1024
test_folder/original\PNG\0113.png,0113.png,png,png,1024
test_folder/original\PNG\0043.png,0043.png,png,png,1024
test_folder/original\PNG\0108.png,0108.png,png,png,1024
test_folder/original\PNG\0059.png,0059.png,png,png,1024
test_folder/original\PNG\0033.png,0033.png,png,png,1024
test_folder/original\PNG\0034.png,0034.png,png,png,1024
test_folder/original\PNG\0171.png,0171.png,png,png,1024
test_folder/original\PNG\0156.png,0156.png,png,png,1024
test_folder/original\PNG\0047.png,0047.png,png,png,1024
test_folder/original\PNG\0073.png,0073.png,png,png,1024
test_folder/original\PNG\0186.png,0186.png,png,png,1024
test_folder/original\PNG\0187.png,0187.png,png,png,1024
test_folder/original\PNG\0098.png,0098.png,png,png,1024
test_folder/original\PNG\0155.png,0155.png,png,png,1024
test_folder/original\PNG\0168.png,0168.png,png,png,1024
test_folder/original\PNG\0146.png,0146.png,png,png,1024
test_folder/original\PNG\0042.png,0042.png,png,png,1024
test_folder/original\PNG\0087.png,0087.png,png,png,1024
test_folder/original\PNG\0028.png,0028.png,png,png,1024
test_folder/original\PNG\0060.png,0060.png,png,png,1024
test_folder/original\PNG\0021.png,0021.png,png,png,1024
test_folder/original\PNG\0024.png,0024.png,png,png,1024
test_folder/original\PNG\0202.png,0202.png,png,png,1024
test_folder/original\PNG\0154.png,0154.png,png,png,1024
test_folder/original\PNG\0006.png,0006.png,png,png,1024
test_folder/original\PNG\0188.png,0188.png,png,png,1024
test_folder/original\PNG\0210.png,0210.png,png,png,1024
test_folder/original\PNG\0134.png,0134.png,png,png,1024
test_folder/original\PNG\0056.png,0056.png,png,png,1024
test_folder/original\PNG\0007.png,0007.png,png,png,1024
test_folder/original\PNG\0029.png,0029.png,png,png,1024
test_folder/original\PNG\0153.png,0153.png,png,png,1024
test_folder/original\PNG\0194.png,0194.png,png,png,1024
test_folder/original\PNG\0106.png,0106.png,png,png,1024
test_folder/original\PNG\0005.png,0005.png,png,png,1024
test_folder/original\PNG\0084.png,0084.png,png,png,1024
test_folder/original\PNG\0088.png,0088.png,png,png,1024
test_folder/original\PNG\0066.png,0066.png,png,png,1024
test_folder/original\PNG\0022.png,0022.png,png,png,1024
test_folder/original\PNG\0018.png,0018.png,png,png,1024
test_folder/original\PNG\0080.png,0080.png,png,png,1024
test_folder/original\PNG\0053.png,0053.png,png,png,1024
test_folder/original\PNG\0128.png,0128.png,png,png,1024
test_folder/original\PNG\0039.png,0039.png,png,png,1024
test_folder/original\PNG\0208.png,0208.png,png,png,1024
test_folder/original\PNG\0061.png,0061.png,png,png,1024
test_folder/original\PNG\0162.png,0162.png,png,png,1024
test_folder/original\PNG\0099.png,0099.png,png,png,1024
test_folder/original\PNG\0062.png,0062.png,png,png,1024
test_folder/original\PNG\0139.png,0139.png,png,png,1024
test_folder/original\PNG\0200.png,0200.png,png,png,1024
test_folder/original\PNG\0164.png,0164.png,png,png,1024
test_folder/original\PNG\0204.png,0204.png,png,png,1024
test_folder/original\PNG\0199.png,0199.png,png,png,1024
test_folder/original\PNG\0140.png,0140.png,png,png,1024
test_folder/original\PNG\0122.png,0122.png,png,png,1024
test_folder/original\PNG\0026.png,0026.png,png,png,1024
test_folder/original\PNG\0071.png,0071.png,png,png,1024
test_folder/original\PNG\0159.png,0159.png,png,png,1024
test_folder/original\PNG\0023.png,0023.png,png,png,1024
test_folder/original\PNG\0137.png,0137.png,png,png,1024
test_folder/original\PNG\0189.png,0189.png,png,png,1024
test_folder/original\PNG\0004.png,0004.png,png,png,1024
test_folder/original\PNG\0184.png,0184.png,png,png,1024
test_folder/original\PNG\0118.png,0118.png,png,png,1024
test_folder/original\PNG\0085.png,0085.png,png,png,1024
test_folder/original\PNG\0145.png,0145.png,png,png,1024
test_folder/original\PNG\0055.png,0055.png,png,png,1024
test_folder/original\PNG\0147.png,0147.png,png,png,1024
test_folder/original\PNG\0065.png,0065.png,png,png,1024
test_folder/original\PNG\0126.png,0126.png,png,png,1024
test_folder/original\PNG\0144.png,0144.png,png,png,1024
test_folder/original\PNG\0209.png,0209.png,png,png,1024
test_folder/original\PNG\0120.png,0120.png,png,png,1024
test_folder/original\PNG\0133.png,0133.png,png,png,1024
test_folder/original\PNG\0125.png,0125.png,png,png,1024
test_folder/original\PNG\0076.png,0076.png,png,png,1024
test_folder/original\PNG\0083.png,0083.png,png,png,1024
test_folder/original\PNG\0077.png,0077.png,png,png,1024
test_folder/original\PNG\0030.png,0030.png,png,png,1024
test_folder/original\PNG\0019.png,0019.png,png,png,1024
test_folder/original\PNG\0013.png,0013.png,png,png,1024
test_folder/original\PNG\0017.png,0017.png,png,png,1024
test_folder/original\PNG\0048.png,0048.png,png,png,1024
test_folder/original\PNG\0057.png,0057.png,png,png,1024
